,,,,                 Categories                 ,,,,                      Requirements,,,,                                                  Tags                                                 ,,,,,,,,,,,,,,            Behaviors (next sheet)            ,,,,,,,,,,,,,,,,
id,english name,cost, default sort order,deck,type,exp'n, Categories,max?,#,of what, Requirements, Building, Space, City, Power, Plant, Microbe, Animal, Science, Earth, Jovian, Venus, None," Wild ""tag""", Tags,0 Immediate,1 Immediate/Attack,2 Action,3 Action/First,4 Effect/Trigger,5 Effect/Discount,6 Effect/Resource,7 Effect/Temporary,8 Effect/Ambient, Behaviors,"resource
type held",vp,... per,bottom text,top text,my notes (boring / ignore), Full text
these totals and averages are essentially meaningless -->,,11.8,,,,,,16,148,148,,113,96,24,37,35,33,17,60,58,28,36,76,3,537,368,36,138,11,60,26,10,3,7,659,59,173,36,,,,
B00,Beginner Corporation,,0,-,1 Corp,0 Base,,,,,,,,,,,,,,,,,Ⓧ,,0,1,0,0,0,0,0,0,0,0,1,,,,"You start with 42 M€. INSTEAD OF PARTICIPATING IN THE FIRST RESEARCH PHASE, DRAW 10 CARDS FOR FREE.",,see tinyurl.com/2p8ab55s,
B01,CrediCor,,1,1 Corp,1 Corp,0 Base,,,,,,,,,,,,,,,,,Ⓧ,,0,1,0,0,0,2,0,0,0,0,3,,,,You start with 57 M€.,"Effect: After you pay for a card or standard project with a basic cost of 20 M€ or more, you gain 4 M€.",,
B02,Ecoline,,2,1 Corp,1 Corp,0 Base,,,,,,,,,,1,,,,,,,,,1,1,0,0,0,0,1,0,0,0,2,,,,"You start with 2 plant production, 3 plants, and 36 M€.","Effect: You may always pay 7 plants, instead of 8, to place 1 greenery.","suggest ""When you convert plants to greenery, you pay 1 plant less for it.""",
B03,Helion,,3,1 Corp,1 Corp,0 Base,,,,,,,1,,,,,,,,,,,,1,1,0,0,0,0,0,1,0,0,2,,,,You start with 3 heat production and 42 M€.,Effect: You may use heat as M€. You may not use M€ as heat.,,
B04,Interplanetary Cinematics,,4,1 Corp,1 Corp,0 Base,,,,,,1,,,,,,,,,,,,,1,1,0,0,0,1,0,0,0,0,2,,,,You start with 20 steel and 30 M€.,"Effect: Each time you play an event, you gain 2 M€.","""Each time"" is slightly unusual; means ""When""",
B05,Inventrix,,5,1 Corp,1 Corp,0 Base,,,,,,,,,,,,,1,,,,,,1,1,0,0,1,0,0,0,0,1,3,,,,"As your first action in the game, draw 3 cards. Start with 45 M€.","Effect: Your temperature, oxygen, and ocean requirements are +2 or -2 steps, your choice in each case.","suggest ""You may treat any global parameter requirement as if it is 2 steps lower or higher."" (More players post to ask just ""what does this even mean"" than any other card)",
B06,Mining Guild,,6,1 Corp,1 Corp,0 Base,,,,,,2,,,,,,,,,,,,,2,1,0,0,0,1,0,0,0,0,2,,,,"You start with 30 M€, 5 steel, and 1 steel production.","Effect: Each time you place a tile on an area with steel or titanium placement bonus, increase your steel production 1 step.","(was reworded in 3rd printing) ""Each time"" is slightly unusual; means ""When""",
B07,PhoboLog,,7,1 Corp,1 Corp,0 Base,,,,,,,1,,,,,,,,,,,,1,1,0,0,0,0,0,1,0,0,2,,,,You start with 10 titanium and 23 M€.,Effect: Your titanium resources are each worth 1 M€ extra.,,
B08,Tharsis Republic,,8,1 Corp,1 Corp,0 Base,,,,,,1,,,,,,,,,,,,,1,1,0,0,1,2,0,0,0,0,4,,,,"You start with 40 M€. As your first action in the game, place a city tile.","Effect: When any city tile is placed ON MARS, increase your M€ production 1 step. When you place a city tile, gain 3 M€.",,
B09,ThorGate,,9,1 Corp,1 Corp,0 Base,,,,,,,,,1,,,,,,,,,,1,1,0,0,0,0,2,0,0,0,3,,,,You start with 1 energy production and 48 M€.,"Effect: When playing a power card OR THE STANDARD PROJECT POWER PLANT, you pay 3 M€ less for it.","""playing"" is unusual, means ""you play"" or ""you pay"" ***",
B10,United Nations Mars Initiative,,10,1 Corp,1 Corp,0 Base,,,,,,,,,,,,,,1,,,,,1,1,0,1,0,0,0,0,0,0,2,,,,You start with 40 M€.,"Action: If your Terraform Rating was raised this generation, you may pay 3 M€ to raise it 1 step more.","""pay"" is unusual here, means ""spend""",
B11,Saturn Systems,,11,1 Corp,1 Corp,1 CorpEra,,,,,,,,,,,,,,,1,,,,1,1,0,0,0,1,0,0,0,0,2,,,,You start with 1 titanium production and 42 M€.,"Effect: Each time any Jovian tag is put into play, including this, increase your M€ production 1 step.","""Each time"" is slightly unusual; means ""When""",
B12,Teractor,,12,1 Corp,1 Corp,1 CorpEra,,,,,,,,,,,,,,1,,,,,1,1,0,0,0,0,1,0,0,0,2,,,,You start with 60 M€.,"Effect: When playing an Earth card, you pay 3 M€ less for it.","""card"" should be ""tag"" (rules error); ""playing"" is unusual, means ""you play""",
V01,Aphrodite,,13,1 Corp,1 Corp,4 VenusNext,,,,,,,,,,1,,,,,,1,,,2,1,0,0,0,1,0,0,0,0,2,,,,You start with 47 M€ and 1 plant production.,"Effect: Whenever Venus is terraformed 1 step, you gain 2 M€.","""Whenever"" is unusual, means ""When""; ""terraformed"" is unusual, means ""increased""",
V02,Celestic,,14,1 Corp,1 Corp,4 VenusNext,,,,,,,,,,,,,,,,1,,,1,1,0,1,1,0,0,0,0,0,3,floater,1,3 resources here,"You start with 42 M€. As your first action, reveal cards from the deck until you have revealed 2 cards with a floater icon on it. Take those 2 cards into hand, and discard the rest. 1 VP per 3 floaters on this card.",Action: Add a floater to ANY card.,,
V03,Manutech,,15,1 Corp,1 Corp,4 VenusNext,,,,,,1,,,,,,,,,,,,,1,1,0,0,0,6,0,0,0,0,7,,,,You start with 1 steel production and 35 M€.,"Effect: For each step you increase the production of a resource, including this, you also gain that resource.",,
V04,Morning Star Inc.,,16,1 Corp,1 Corp,4 VenusNext,,,,,,,,,,,,,,,,1,,,1,1,0,0,1,0,0,0,0,1,3,,,,"You start with 50 M€. As your first action, reveal cards from the deck until you have revealed 3 Venus-tag cards. Take those into hand and discard the rest.","Effect: Your Venus requirements are +/- 2 steps, your choice in each case.",,
V05,Viron,,17,1 Corp,1 Corp,4 VenusNext,,,,,,,,,,,1,,,,,,,,1,1,0,1,0,0,0,0,0,0,2,,,,You start with 48 M€.,Action: Use a blue card action that has already been used this generation.,"""a blue card action"" means ""an action from a blue card"" but not nec. the *same* action (rules error)",
PC1,Cheung Shing Mars,,18,1 Corp,1 Corp,5 Prelude,,,,,,1,,,,,,,,,,,,,1,1,0,0,0,0,1,0,0,0,2,,,,You start with 44 M€ and 3 M€ production.,"Effect: When you play a building tag, you pay 2 M€ less for it.",,
PC2,Point Luna,,19,1 Corp,1 Corp,5 Prelude,,,,,,,1,,,,,,,1,,,,,2,1,0,0,0,1,0,0,0,0,2,,,,You start with 38 M€ and 1 titanium production.,"Effect: When you play a Earth tag, including this, draw a card.",,
PC3,Robinson Industries,,20,1 Corp,1 Corp,5 Prelude,,,,,,,,,,,,,,,,,Ⓧ,,0,1,0,6,0,0,0,0,0,0,7,,,,You start with 47 M€.,Action: Spend 4 M€ to increase (one of) your LOWEST PRODUCTION 1 step.,,
PC4,Valley Trust,,21,1 Corp,1 Corp,5 Prelude,,,,,,,,,,,,,,1,,,,,1,1,0,0,1,0,1,0,0,0,3,,,,"You start with 37 M€. As your first action, draw 3 Prelude cards, and play one of them. Discard the other two.","Effect: When you play a science tag, you pay 2 M€ less for it.",,
PC5,Vitor,,22,1 Corp,1 Corp,5 Prelude,,,,,,,,,,,,,,1,,,,,1,1,0,0,1,1,0,0,0,0,3,,,,"You start with 45 M€. As your first action, fund an award for free.","Effect: When you play a card with a NON-NEGATIVE VP icon, including this, gain 3 M€.",,
CC1,Aridor,,23,1 Corp,1 Corp,6 Colonies,,,,,,,,,,,,,,,,,Ⓧ,,0,1,0,0,1,1,0,0,0,0,3,,,,"You start with 40 M€. As your first action, put an additional Colony Tile of your choice into play.","Effect: When you get a new type of tag in play (event cards do not count), increase your M€ production 1 step.","tag type symbol should have an asterisk (""event cards do not count"")",
CC2,Arklight,,24,1 Corp,1 Corp,6 Colonies,,,,,,,,,,,,1,,,,,,,1,1,0,0,0,1,0,0,0,0,2,animal,1,2 resources here,You start with 45 M€. Increase your M€ production 2 steps. 1 VP per 2 animals on this card.,"Effect: When you play an animal or plant tag, including this, add 1 animal to this card.","""animal"" → ""animal tag"" (has caused confusion)",
CC3,Polyphemos,,25,1 Corp,1 Corp,6 Colonies,,,,,,,,,,,,,,,,,Ⓧ,,0,1,0,0,0,0,1,0,0,0,2,,,,You start with 50 M€. Increase your M€ production 5 steps. Gain 5 titanium.,"Effect: When you buy a card to hand, pay 5 M€ instead of 3 M€, including the starting hand.",,
CC4,Poseidon,,26,1 Corp,1 Corp,6 Colonies,,,,,,,,,,,,,,,,,Ⓧ,,0,1,0,0,1,1,0,0,0,0,3,,,,"You start with 45 M€. As your first action, place a colony.","Effect: When any colony is placed, including this, raise your M€ production 1 step.",,
CC5,Stormcraft Incorporated,,27,1 Corp,1 Corp,6 Colonies,,,,,,,,,,,,,,,1,,,,1,1,0,1,0,0,0,1,0,0,3,floater,,,You start with 48 M€.,Action: Add 1 floater to ANY card. / Effect: Floaters on this card may be used as 2 heat each.,,
TC1,Lakefront Resorts,,28,1 Corp,1 Corp,7 Turmoil,,,,,,1,,,,,,,,,,,,,1,1,0,0,0,2,0,0,0,0,3,,,,You start with 54 M€.,"Effect: When any ocean is placed, increase your M€ production 1 step. / Your bonus for placing adjacent to oceans is 3 M€ instead of 2 M€.",,
TC2,Pristar,,29,1 Corp,1 Corp,7 Turmoil,,,,,,,,,,,,,,,,,Ⓧ,,0,1,0,0,0,1,0,0,0,0,2,preserv.,1,resource here,You start with 53 M€. Decrease your TR 2 steps. 1 VP per preservation resource here.,"Effect: During production phase, if you did not get TR so far this generation, add 1 preservation resource here and gain 6 M€.","""During the""?",
TC3,Septem Tribus,,30,1 Corp,1 Corp,7 Turmoil,,,,,,,,,,,,,,,,,Ⓧ,1,0,1,0,1,0,0,0,0,0,0,2,,,,"You start with 36 M€. When you perform an action, the wild tag counts as any tag of your choice.",Action: Gain 2 M€ for EACH PARTY WHERE YOU HAVE AT LEAST 1 DELEGATE.,,
TC4,TerraLabs Research,,31,1 Corp,1 Corp,7 Turmoil,,,,,,,,,,,,,1,1,,,,,2,1,0,0,0,0,1,0,0,0,2,,,,You start with 14 M€. Lower your TR 1 step.,"Effect: Buying cards to hand costs 1 M€, including your starting hand.","""Lower"" is unusual, means ""Decrease""",
TC5,Utopia Invest,,32,1 Corp,1 Corp,7 Turmoil,,,,,,1,,,,,,,,,,,,,1,1,0,6,0,0,0,0,0,0,7,,,,You start with 40 M€. Increase your steel and titanium production 1 step each.,Action: Decrease any production to gain 4 resources of that kind.,,
XC1,Arcadian Communities,,33,1 Corp,1 Corp,X2 Pro/bggcorps,,,,,,,,,,,,,,,,,Ⓧ,,0,1,0,1,1,1,0,0,0,0,4,,,,"You start with 40 M€ and 10 steel. AS YOUR FIRST ACTION, PLACE A COMMUNITY (PLAYER MARKER) ON A NON-RESERVED AREA.","Action: PLACE A COMMUNITY (PLAYER MARKER) ON A NON-RESERVED AREA ADJACENT TO ONE OF YOUR TILES OR MARKED AREAS. / Effect: MARKED AREAS ARE RESERVED FOR YOU. WHEN YOU PLACE A TILE THERE, GAIN 3 M€.",,
XC2,Recyclon,,34,1 Corp,1 Corp,X2 Pro/bggcorps,,,,,,1,,,,,1,,,,,,,,2,1,0,0,0,2,0,0,0,0,3,microbe,,,You start with 38 M€ and 1 steel production.,"Effect: When you play a building tag, including this, gain 1 microbe to this card, or remove 2 microbes here and raise your plant production 1 step.",,
XC3,Splice Tactical Genomics,,35,1 Corp,1 Corp,X2 Pro/bggcorps,,,,,,,,,,,1,,,,,,,,1,1,0,0,1,1,0,0,0,0,3,,,,"You start with 44 M€. As your first action, reveal cards until you have revealed a microbe tag. Take that card into hand, and discard the rest.","Effect: Each time a microbe tag is played, including this, THAT PLAYER gains 2 M€, or adds a microbe to THAT card, and you gain 2 M€.","""Each time"" is slightly unusual; means ""When""",
XC4,Factorum,,36,1 Corp,1 Corp,X3 Pro/turmoil,,,,,,1,,,1,,,,,,,,,,2,1,0,2,0,0,0,0,0,0,3,,,,You start with 37 M€. Increase your steel production 1 step.,"Action: Increase your energy production 1 step IF YOU HAVE NO ENERGY RESOURCES, or spend 3 M€ to draw a building card.",,
XC5,Mons Insurance,,37,1 Corp,1 Corp,X3 Pro/turmoil,,,,,,,,,,,,,,,,,Ⓧ,,0,1,1,0,0,1,0,0,0,0,3,,,,You start with 48 M€. Increase your M€ production 4 steps. ALL OPPONENTS DECREASE THEIR M€ PRODUCTION 2 STEPS. THIS DOES NOT TRIGGER THE EFFECT BELOW.,"Effect: When a player causes another player to decrease production or lose resources, pay 3 M€ to the victim, or as much as possible.","Suggest ""When any player has their resources removed or production decreased BY ANOTHER PLAYER (including you)..."" Remove ""THIS DOES NOT...."" or put it in parentheses, since it's only a clarification.",
XC6,Philares,,38,1 Corp,1 Corp,X3 Pro/turmoil,,,,,,1,,,,,,,,,,,,,1,1,0,0,1,6,0,0,0,0,8,,,,"You start with 47 M€. As your first action, place a greenery tile and raise the oxygen 1 step.",Effect: Each new adjacency between your tile and an opponent's tile gives you a standard resource of your choice (regardless of who just placed a tile).,"""the oxygen""  is unusual; oxygen reminder would be better parenthesized",
XC7,AstroDrill,,39,1 Corp,1 Corp,X4 Pro/bigbox,,,,,,,1,,,,,,,,,,,,1,1,0,8,0,0,0,0,0,0,9,asteroid,,,"You start with 35 M€, and 3 asteroid resources here.","Action: Either add 1 asteroid to ANY CARD or gain any standard resource, OR spend 1 asteroid here to gain 3 titanium.",,
XC8,Pharmacy Union,,40,1 Corp,1 Corp,X4 Pro/bigbox,,,,,,,,,,,2,,,,,,,,2,1,0,0,0,3,0,0,0,0,4,disease,,,You start with 54 M€. Draw a science card.,"Effect: When ANY microbe tag is played, including these 2, add a disease here and lose 4 M€ or as much as possible. When you play a science tag, remove 1 disease from here and raise your TR 1 step, OR, if there are no diseases here, you may raise your TR 3 steps and place this card in your event pile. It now counts as a played event.","(Notes: unusually, the science card draw is not delayed to a first action, and the 54 M€ *must* be taken immediately upon playing the card.)",
P01,Allied Bank,,41,2 Prelude,2 Prelude,5 Prelude,,,,,,,,,,,,,,1,,,,,1,1,0,0,0,0,0,0,0,0,1,,,,Increase your M€ production 4 steps. Gain 3 M€.,,,
P02,Aquifer Turbines,,42,2 Prelude,2 Prelude,5 Prelude,,,,,,,,,1,,,,,,,,,,1,1,0,0,0,0,0,0,0,0,1,,,,Place an ocean tile. Increase your energy production 2 steps. Remove 3 M€.,,,
P03,Biofuels,,43,2 Prelude,2 Prelude,5 Prelude,,,,,,,,,,,1,,,,,,,,1,1,0,0,0,0,0,0,0,0,1,,,,Increase your plant production and energy production 1 step each. Gain 2 plants.,,,
P04,Biolab,,44,2 Prelude,2 Prelude,5 Prelude,,,,,,,,,,,,,1,,,,,,1,1,0,0,0,0,0,0,0,0,1,,,,Increase your plant production 1 step. Draw 3 cards.,,,
P05,Biosphere Support,,45,2 Prelude,2 Prelude,5 Prelude,,,,,,,,,,1,,,,,,,,,1,1,0,0,0,0,0,0,0,0,1,,,,Decrease your M€ production 1 step. Increase your plant production 2 steps.,,,
P06,Business Empire,,46,2 Prelude,2 Prelude,5 Prelude,,,,,,,,,,,,,,1,,,,,1,1,0,0,0,0,0,0,0,0,1,,,,Increase your M€ production 6 steps. Remove 6 M€.,,,
P07,Dome Farming,,47,2 Prelude,2 Prelude,5 Prelude,,,,,,1,,,,1,,,,,,,,,2,1,0,0,0,0,0,0,0,0,1,,,,Increase your plant production 1 step. Increase your M€ production 2 steps.,,,
P08,Donation,,48,2 Prelude,2 Prelude,5 Prelude,,,,,,,,,,,,,,,,,Ⓧ,,0,1,0,0,0,0,0,0,0,0,1,,,,Gain 21 M€.,,,
P09,Early Settlement,,49,2 Prelude,2 Prelude,5 Prelude,,,,,,1,,1,,,,,,,,,,,2,1,0,0,0,0,0,0,0,0,1,,,,Place a city tile. Increase your plant production 1 step.,,,
P10,Ecology Experts,,50,2 Prelude,2 Prelude,5 Prelude,,,,,,,,,,1,1,,,,,,,,2,1,0,0,0,0,0,0,0,0,1,,,,"Increase your plant production 1 step. PLAY A CARD FROM HAND, IGNORING GLOBAL REQUIREMENTS",,,
P11,Excentric Sponsor,,51,2 Prelude,2 Prelude,5 Prelude,,,,,,,,,,,,,,,,,Ⓧ,,0,1,0,0,0,0,0,0,0,0,1,,,,"PLAY A CARD FROM HAND, REDUCING ITS COST BY 25 M€",,Looks like they switched spellings of this card?,
P12,Experimental Forest,,52,2 Prelude,2 Prelude,5 Prelude,,,,,,,,,,1,,,,,,,,,1,1,0,0,0,0,0,0,0,0,1,,,,"Place a greenery tile and increase oxygen 1 step. Reveal cards from the deck until you have revealed 2 plant-tag cards. Take these into your hand, and discard the rest.",,oxygen reminder would be better parenthesized,
P13,Galilean Mining,,53,2 Prelude,2 Prelude,5 Prelude,,,,,,,,,,,,,,,1,,,,1,1,0,0,0,0,0,0,0,0,1,,,,Increase your titanium production 2 steps. Remove 5 M€.,,,
P14,Great Aquifer,,54,2 Prelude,2 Prelude,5 Prelude,,,,,,,,,,,,,,,,,Ⓧ,,0,1,0,0,0,0,0,0,0,0,1,,,,Place 2 ocean tiles.,,,
P15,Huge Asteroid,,55,2 Prelude,2 Prelude,5 Prelude,,,,,,,,,,,,,,,,,Ⓧ,,0,1,0,0,0,0,0,0,0,0,1,,,,Raise temperature 3 steps. Remove 5 M€.,,,
P16,Io Research Outpost,,56,2 Prelude,2 Prelude,5 Prelude,,,,,,,,,,,,,1,,1,,,,2,1,0,0,0,0,0,0,0,0,1,,,,Increase your titanium production 1 step. Draw 1 card.,,,
P17,Loan,,57,2 Prelude,2 Prelude,5 Prelude,,,,,,,,,,,,,,,,,Ⓧ,,0,1,0,0,0,0,0,0,0,0,1,,,,Decrease your M€ production 2 steps. Gain 30 M€.,,,
P18,Martian Industries,,58,2 Prelude,2 Prelude,5 Prelude,,,,,,1,,,,,,,,,,,,,1,1,0,0,0,0,0,0,0,0,1,,,,Increase your energy production and steel production 1 step each. Gain 6 M€.,,,
P19,Metal-Rich Asteroid,,59,2 Prelude,2 Prelude,5 Prelude,,,,,,,,,,,,,,,,,Ⓧ,,0,1,0,0,0,0,0,0,0,0,1,,,,"Raise temperature 1 step. Gain 4 titanium, and 4 steel.",,,
P20,Metals Company,,60,2 Prelude,2 Prelude,5 Prelude,,,,,,,,,,,,,,,,,Ⓧ,,0,1,0,0,0,0,0,0,0,0,1,,,,"Increase your M€ production, steel production, and titanium production 1 step each.",,,
P21,Mining Operations,,61,2 Prelude,2 Prelude,5 Prelude,,,,,,1,,,,,,,,,,,,,1,1,0,0,0,0,0,0,0,0,1,,,,Increase your steel production 2 steps. Gain 4 steel.,,,
P22,Mohole,,62,2 Prelude,2 Prelude,5 Prelude,,,,,,1,,,,,,,,,,,,,1,1,0,0,0,0,0,0,0,0,1,,,,Increse your heat production 3 steps. Gain 3 heat.,,,
P23,Mohole Excavation,,63,2 Prelude,2 Prelude,5 Prelude,,,,,,1,,,,,,,,,,,,,1,1,0,0,0,0,0,0,0,0,1,,,,"Increase your steel production 1 step, and your heat production 2 steps. Gain 2 heat.",,,
P24,Nitrogen Shipment,,64,2 Prelude,2 Prelude,5 Prelude,,,,,,,,,,,,,,,,,Ⓧ,,0,1,0,0,0,0,0,0,0,0,1,,,,Raise your terraform rating 1 step. Increase your plant production 1 step. Gain 5 M€.,,,
P25,Orbital Construction Yard,,65,2 Prelude,2 Prelude,5 Prelude,,,,,,,1,,,,,,,,,,,,1,1,0,0,0,0,0,0,0,0,1,,,,Increase your titanium production 1 step. Gain 4 titanium.,,"I corrected ""produciton"" → ""production""",
P26,Polar Industries,,66,2 Prelude,2 Prelude,5 Prelude,,,,,,1,,,,,,,,,,,,,1,1,0,0,0,0,0,0,0,0,1,,,,Place 1 ocean tile. Increase your heat production 2 steps.,,,
P27,Power Generation,,67,2 Prelude,2 Prelude,5 Prelude,,,,,,,,,1,,,,,,,,,,1,1,0,0,0,0,0,0,0,0,1,,,,Increase your energy production 3 steps.,,,
P28,Research Network,,68,2 Prelude,2 Prelude,5 Prelude,,,,,,,,,,,,,,,,,Ⓧ,1,0,1,0,0,0,0,0,0,0,0,1,,,,"Draw 3 cards, and increase your M€ production 1 step. After being played, when you perform an action, the wild tag is any tag of your choice.",,,
P29,Self-Sufficient Settlement,,69,2 Prelude,2 Prelude,5 Prelude,,,,,,1,,1,,,,,,,,,,,2,1,0,0,0,0,0,0,0,0,1,,,,Place a city tile. Increase your M€ production 2 steps.,,,
P30,Smelting Plant,,70,2 Prelude,2 Prelude,5 Prelude,,,,,,1,,,,,,,,,,,,,1,1,0,0,0,0,0,0,0,0,1,,,,Raise oxygen 2 steps. Gain 5 steel.,,,
P31,Society Support,,71,2 Prelude,2 Prelude,5 Prelude,,,,,,,,,,,,,,,,,Ⓧ,,0,1,0,0,0,0,0,0,0,0,1,,,,"Decrease your M€ production  1 step. Increase your plant production, energy production, and heat production 1 step each.",,,
P32,Supplier,,72,2 Prelude,2 Prelude,5 Prelude,,,,,,,,,1,,,,,,,,,,1,1,0,0,0,0,0,0,0,0,1,,,,Increase your energy production 2 steps. Gain 4 steel.,,,
P33,Supply Drop,,73,2 Prelude,2 Prelude,5 Prelude,,,,,,,,,,,,,,,,,Ⓧ,,0,1,0,0,0,0,0,0,0,0,1,,,,"Gain 3 titanium, 8 steeel, and 3 plants.",,,
P34,UNMI Contractor,,74,2 Prelude,2 Prelude,5 Prelude,,,,,,,,,,,,,,1,,,,,1,1,0,0,0,0,0,0,0,0,1,,,,Raise your terraform rating 3 steps. Draw 1 card.,,,
P35,Acquired Space Agency,,75,2 Prelude,2 Prelude,5 Prelude,,,,,,,,,,,,,,,,,Ⓧ,,0,1,0,0,0,0,0,0,0,0,1,,,,"Gain 6 titanium. Reveal cards from the deck until you have revealed 2 space cards. Take those into hand, and discard the rest.",,,
001,Colonizer Training Camp,8,76,3 Project,4 Auto,0 Base,,max,5,% oxygen,←,1,,,,,,,,,1,,,,2,0,0,0,0,0,0,0,0,0,0,,2,,Oxygen must be 5% or less.,,,
003,Deep Well Heating,13,77,3 Project,4 Auto,0 Base,,,,,,1,,,1,,,,,,,,,,2,1,0,0,0,0,0,0,0,0,1,,,,Increase your energy production 1 step. Increase temperature 1 step.,,,
004,Cloud Seeding,11,78,3 Project,4 Auto,0 Base,,,3,ocean,←,,,,,,,,,,,,Ⓧ,,0,1,1,0,0,0,0,0,0,0,2,,,,Requires 3 ocean tiles. Decrease your M€ production 1 step and any heat production 1 step.  Increase your plant production 2 steps.,,,
005,Search For Life,3,79,3 Project,3 Active,0 Base,,max,6,% oxygen,←,,,,,,,,1,,,,,,1,0,0,1,0,0,0,0,0,0,1,science,3,first resource only,Oxygen must be 6% or less. 3 VPs if you have one or more science resources here.,"Action: Spend 1 M€ to reveal and discard the top card of the draw deck. If that card has a microbe tag, add a science resource here.",,
007,Martian Rails,13,80,3 Project,3 Active,0 Base,,,,,,1,,,,,,,,,,,,,1,0,0,1,0,0,0,0,0,0,1,,,,,Action: Spend 1 energy to gain 1 M€ for each city tile ON MARS.,"""ON MARS"" is trying to both restrict (no remote cities) and expand (include opponent cities) the set of considered cities at the same time",
008,Capital,26,81,3 Project,4 Auto,0 Base,,,4,ocean,←,1,,1,,,,,,,,,,,2,1,0,0,0,0,0,0,0,0,1,,1,adjacent ocean tile,Requires 4 ocean tiles. Place this tile. Decrease your energy production 2 steps and increase your M€ production 5 steps. 1 ADDITIONAL VP FOR EACH OCEAN TILE ADJACENT TO THIS CITY TILE.,,"first usage of ""tile"" should also be ""city tile"", or better, ""tile (WHICH IS A CITY TILE, FOR ALL PURPOSES)""",
009,Asteroid,14,82,3 Project,5 Event,0 Base,,,,,,,1,,,,,,,,,,,,1,1,1,0,0,0,0,0,0,0,2,,,,Raise temperature 1 step and gain 2 titanium. Remove up to 3 plants from any player.,,,
010,Comet,21,83,3 Project,5 Event,0 Base,,,,,,,1,,,,,,,,,,,,1,1,1,0,0,0,0,0,0,0,2,,,,Raise temperature 1 step and place an ocean tile. Remove up to 3 plants from any player.,,,
011,Big Asteroid,27,84,3 Project,5 Event,0 Base,,,,,,,1,,,,,,,,,,,,1,1,1,0,0,0,0,0,0,0,2,,,,Raise temperature 2 steps and gain 4 titanium. Remove up to 4 plants from any player.,,,
012,Water Import From Europa,25,85,3 Project,3 Active,0 Base,,,,,,,1,,,,,,,,1,,,,2,0,0,1,0,0,0,0,0,0,1,,1,Jovian tag,1 VP for each Jovian tag you have.,Action: Pay 12 M€ to place an ocean tile. TITANIUM MAY BE USED as if playing a space card.,"""pay"" is unusual here, means ""spend""",
015,Equatorial Magnetizer,11,86,3 Project,3 Active,0 Base,,,,,,1,,,,,,,,,,,,,1,0,0,1,0,0,0,0,0,0,1,,,,,Action: Decrease your energy production 1 step to increase your terraform rating 1 step.,,
016,Domed Crater,24,87,3 Project,4 Auto,0 Base,,max,7,% oxygen,←,1,,1,,,,,,,,,,,2,1,0,0,0,0,0,0,0,0,1,,1,,Oxygen must be 7% or less. Gain 3 plants and place a city tile. Decrease your energy production 1 step and increase M€ production 3 steps.,,,
017,Noctis City,18,88,3 Project,4 Auto,0 Base,,,,,,1,,1,,,,,,,,,,,2,1,0,0,0,0,0,0,0,0,1,,,,"Decrease your energy production 1 step and increase your M€ production 3 steps. Place a city tile ON THE RESERVED AREA, disregarding normal placement restrictions.",,,
018,Methane From Titan,28,89,3 Project,4 Auto,0 Base,,,2,% oxygen,←,,1,,,,,,,,1,,,,2,1,0,0,0,0,0,0,0,0,1,,2,,Requires 2% oxygen. Increase your heat production 2 steps and your plant production 2 steps.,,,
019,Imported Hydrogen,16,90,3 Project,5 Event,0 Base,,,,,,,1,,,,,,,1,,,,,2,3,0,0,0,0,0,0,0,0,3,,,,"Gain 3 plants, or add 3 microbes or 2 animals to ANOTHER card. Place an ocean tile.",,,
020,Research Outpost,18,91,3 Project,3 Active,0 Base,,,,,,1,,1,,,,,1,,,,,,3,1,0,0,0,0,1,0,0,0,2,,,,Place a city tile NEXT TO NO OTHER TILE.,"Effect: When you play a card, you pay 1 M€ less for it.",,
021,Phobos Space Haven,25,92,3 Project,4 Auto,0 Base,,,,,,,1,1,,,,,,,,,,,2,1,0,0,0,0,0,0,0,0,1,,3,,Increase your titanium production 1 step and place a city tile ON THE RESERVED AREA.,,,
022,Black Polar Dust,15,93,3 Project,4 Auto,0 Base,,,,,,,,,,,,,,,,,Ⓧ,,0,1,0,0,0,0,0,0,0,0,1,,,,Place an ocean tile. Decrease your M€ production 2 steps and increase your heat production 3 steps.,,,
023,Arctic Algae,12,94,3 Project,3 Active,0 Base,,max,-12,degrees C,←,,,,,1,,,,,,,,,1,1,0,0,0,1,0,0,0,0,2,,,,It must be -12°C or colder to play. Gain 1 plant.,"Effect: When anyone places an ocean tile, gain 2 plants.","""to play"" is unusual; ""anyone places"" is unusual and the more common ""is placed"" is somewhat clearer that it includes WGT",
024,Predators,14,95,3 Project,3 Active,0 Base,,,11,% oxygen,←,,,,,,,1,,,,,,,1,0,0,1,0,0,0,0,0,0,1,animal,1,resource here,Requires 11% oxygen. 1 VP per animal on this card.,Action: Remove 1 animal from any card and add it to this card.,"""any card"" should say ""any player's card"" (rules error) (when adding, we are taught that ""any card"" means only our own) (also, Ants wording is slightly better)",
026,Eos Chasma National Park,16,96,3 Project,4 Auto,0 Base,,,-12,degrees C,←,1,,,,1,,,,,,,,,2,1,0,0,0,0,0,0,0,0,1,,1,,Requires -12°C  or warmer. Add 1 animal TO ANY ANIMAL CARD. Gain 3 plants. Increase your M€ production 2 steps.,,"""ANY ANIMAL CARD"" should be ""ANOTHER CARD"" (purely theoretical rules error)",
029,Cupola City,16,97,3 Project,4 Auto,0 Base,,max,9,% oxygen,←,1,,1,,,,,,,,,,,2,1,0,0,0,0,0,0,0,0,1,,,,Oxygen must be 9% or less. Place a city tile. Decrease your energy production 1 step and increase your M€ production 3 steps.,,,
030,Lunar Beam,13,98,3 Project,4 Auto,0 Base,,,,,,,,,1,,,,,1,,,,,2,1,0,0,0,0,0,0,0,0,1,,,,Decrease your M€ production 2 steps and increase your heat production and energy production 2 steps each.,,,
031,Optimal Aerobraking,7,99,3 Project,3 Active,0 Base,,,,,,,1,,,,,,,,,,,,1,0,0,0,0,1,0,0,0,0,1,,,,,"Effect: When you place a space event, you gain 3 M€ and 3 heat.",,
032,Underground City,18,100,3 Project,4 Auto,0 Base,,,,,,1,,1,,,,,,,,,,,2,1,0,0,0,0,0,0,0,0,1,,,,Place a city tile. Decrease your energy production 2 steps and increase your steel production 2 steps.,,,
033,Regolith Eaters,13,101,3 Project,3 Active,0 Base,,,,,,,,,,,1,,1,,,,,,2,0,0,2,0,0,0,0,0,0,2,microbe,,,,"Action: Add 1 microbe to this card, or remove 2 microbes from this card to raise oxygen level 1 step.","""level"" is unusual",
034,GHG Producing Bacteria,8,102,3 Project,3 Active,0 Base,,,4,% oxygen,←,,,,,,1,,1,,,,,,2,0,0,2,0,0,0,0,0,0,2,microbe,,,Requires 4% oxygen.,"Action: Add 1 microbe to this card, or remove 2 microbes to raise temperature 1 step.",,
035,Ants,9,103,3 Project,3 Active,0 Base,,,4,% oxygen,←,,,,,,1,,,,,,,,1,0,0,1,0,0,0,0,0,0,1,microbe,1,2 resources here,Requires 4% oxygen. 1 VP per 2 microbes on this card.,Action: Remove 1 microbe from any card to add 1 to this card.,"""any card"" should say ""any player's card"" (rules error) (when adding, we are taught that ""any card"" means only our own)",
036,Release Of Inert Gases,14,104,3 Project,5 Event,0 Base,,,,,,,,,,,,,,,,,Ⓧ,,0,1,0,0,0,0,0,0,0,0,1,,,,Raise your terraform rating 2 steps.,,,
037,Nitrogen-Rich Asteroid,31,105,3 Project,5 Event,0 Base,,,,,,,1,,,,,,,,,,,,1,2,0,0,0,0,0,0,0,0,2,,,,"Raise your terraform rating 2 steps and temperature 1 step. Increase your plant production 1 step, or 4 steps if you have 3 plant tags.",,,
038,Rover Construction,8,106,3 Project,3 Active,0 Base,,,,,,1,,,,,,,,,,,,,1,0,0,0,0,1,0,0,0,0,1,,1,,,"Effect: When any city tile is placed, gain 2 M€.",,
039,Deimos Down,31,107,3 Project,5 Event,0 Base,,,,,,,1,,,,,,,,,,,,1,1,1,0,0,0,0,0,0,0,2,,,,Raise temperature 3 steps and gain 4 steel. Remove up to 8 plants from any player.,,,
040,Asteroid Mining,30,108,3 Project,4 Auto,0 Base,,,,,,,1,,,,,,,,1,,,,2,1,0,0,0,0,0,0,0,0,1,,2,,Increase your titanium production 2 steps.,,,
041,Food Factory,12,109,3 Project,4 Auto,0 Base,,,,,,1,,,,,,,,,,,,,1,1,0,0,0,0,0,0,0,0,1,,1,,Decrease your plant production 1 step and increase your M€ production 4 steps.,,,
042,Archaebacteria,6,110,3 Project,4 Auto,0 Base,,max,-18,degrees C,←,,,,,,1,,,,,,,,1,1,0,0,0,0,0,0,0,0,1,,,,It must be -18°C or colder. Increase your plant production 1 step.,,,
043,Carbonate Processing,6,111,3 Project,4 Auto,0 Base,,,,,,1,,,,,,,,,,,,,1,1,0,0,0,0,0,0,0,0,1,,,,Decrease your energy production 1 step and increase your heat production 3 steps.,,,
044,Natural Preserve,9,112,3 Project,4 Auto,0 Base,,max,4,% oxygen,←,1,,,,,,,1,,,,,,2,1,0,0,0,0,0,0,0,0,1,,1,,Oxygen must be 4% or less. Place this tile NEXT TO NO OTHER TILE. Increase your M€ production 1 step.,,,
045,Nuclear Power,10,113,3 Project,4 Auto,0 Base,,,,,,1,,,1,,,,,,,,,,2,1,0,0,0,0,0,0,0,0,1,,,,Decrease your M€ production 2 steps and increase your energy production 3 steps.,,,
047,Algae,10,114,3 Project,4 Auto,0 Base,,,5,ocean,←,,,,,1,,,,,,,,,1,1,0,0,0,0,0,0,0,0,1,,,,Requires 5 ocean tiles. Gain 1 plant and increase your plant production 2 steps.,,,
048,Adapted Lichen,9,115,3 Project,4 Auto,0 Base,,,,,,,,,,1,,,,,,,,,1,1,0,0,0,0,0,0,0,0,1,,,,Increase your plant production 1 step.,,,
052,Fish,9,116,3 Project,3 Active,0 Base,,,2,degrees C,←,,,,,,,1,,,,,,,1,0,1,1,0,0,0,0,0,0,2,animal,1,resource here,Requires 2°C or warmer. Decrease any plant production 1 step. 1 VP for each animal on this card.,Action: Add 1 animal to this card.,,
053,Lake Marineris,18,117,3 Project,4 Auto,0 Base,,,0,degrees C,←,,,,,,,,,,,,Ⓧ,,0,1,0,0,0,0,0,0,0,0,1,,2,,Requires 0°C or warmer. Place 2 ocean tiles.,,,
054,Small Animals,6,118,3 Project,3 Active,0 Base,,,6,% oxygen,←,,,,,,,1,,,,,,,1,0,1,1,0,0,0,0,0,0,2,animal,1,2 resources here,Requires 6% oxygen. Decrease any plant production 1 step. 1 VP per 2 animals on this card.,Action: Add 1 animal to this card.,,
055,Kelp Farming,17,119,3 Project,4 Auto,0 Base,,,6,ocean,←,,,,,1,,,,,,,,,1,1,0,0,0,0,0,0,0,0,1,,1,,Requires 6 ocean tiles. Increase your M€ production 2 steps and your plant production 3 steps. Gain 2 plants.,,,
058,Beam From A Thorium Asteroid,32,120,3 Project,4 Auto,0 Base,,,1,Jovian tag,←,,1,,1,,,,,,1,,,,3,1,0,0,0,0,0,0,0,0,1,,1,,Requires a Jovian tag. Increase your heat production and energy production 3 steps each.,,,
059,Mangrove,12,121,3 Project,4 Auto,0 Base,,,4,degrees C,←,,,,,1,,,,,,,,,1,1,0,0,0,0,0,0,0,0,1,,1,,Requires +4°C or warmer. Place a Greenery tile ON AN AREA RESERVED FOR OCEAN and raise oxygen 1 step. Disregard normal placement restrictions for this.,,oxygen reminder would be better parenthesized,
060,Trees,13,122,3 Project,4 Auto,0 Base,,,-4,degrees C,←,,,,,1,,,,,,,,,1,1,0,0,0,0,0,0,0,0,1,,1,,Requires -4°C or warmer. Increase your plant production 3 steps. Gain 1 plant.,,,
063,Mining Expedition,12,123,3 Project,5 Event,0 Base,,,,,,,,,,,,,,,,,Ⓧ,,0,1,1,0,0,0,0,0,0,0,2,,,,Raise oxygen 1 step. Remove 2 plants from any player. Gain 2 steel.,,"""2"" should be ""up to 2"" (rules error)",
067,Mining Rights,9,124,3 Project,4 Auto,0 Base,,,,,,1,,,,,,,,,,,,,1,2,0,0,0,0,0,0,0,0,2,,,,Place this tile on an area with a steel or titanium placement bonus. Increase that production 1 step.,,,
072,Birds,10,125,3 Project,3 Active,0 Base,,,13,% oxygen,←,,,,,,,1,,,,,,,1,0,1,1,0,0,0,0,0,0,2,animal,1,resource here,Requires 13% oxygen. Decrease any plant production 2 steps. 1 VP for each animal on this card.,Action: Add an animal to this card.,,
075,Towing A Comet,23,126,3 Project,5 Event,0 Base,,,,,,,1,,,,,,,,,,,,1,1,0,0,0,0,0,0,0,0,1,,,,Gain 2 plants. Raise oxygen level 1 step and place an ocean tile.,,"""level"" is unusual",
076,Space Mirrors,3,127,3 Project,3 Active,0 Base,,,,,,,1,,1,,,,,,,,,,2,0,0,1,0,0,0,0,0,0,1,,,,,Action: Spend 7 M€ to increase your energy production 1 step.,,
077,Solar Wind Power,11,128,3 Project,4 Auto,0 Base,,,,,,,1,,1,,,,1,,,,,,3,1,0,0,0,0,0,0,0,0,1,,,,Increase your energy production 1 step and gain 2 titanium.,,,
078,Ice Asteroid,23,129,3 Project,5 Event,0 Base,,,,,,,1,,,,,,,,,,,,1,1,0,0,0,0,0,0,0,0,1,,,,Place 2 ocean tiles.,,,
080,Giant Ice Asteroid,36,130,3 Project,5 Event,0 Base,,,,,,,1,,,,,,,,,,,,1,1,1,0,0,0,0,0,0,0,2,,,,Raise temperature 2 steps and place 2 ocean tiles. Remove up to 6 plants from any player.,,,
081,Ganymede Colony,20,131,3 Project,4 Auto,0 Base,,,,,,,1,1,,,,,,,1,,,,3,1,0,0,0,0,0,0,0,0,1,,1,Jovian tag,Place a city tile ON THE RESERVED AREA. 1 VP per Jovian tag you have.,,,
083,Giant Space Mirror,17,132,3 Project,4 Auto,0 Base,,,,,,,1,,1,,,,,,,,,,2,1,0,0,0,0,0,0,0,0,1,,,,Increase your energy production 3 steps.,,,
087,Grass,11,133,3 Project,4 Auto,0 Base,,,-16,degrees C,←,,,,,1,,,,,,,,,1,1,0,0,0,0,0,0,0,0,1,,,,Requires -16°C or warmer. Increase your plant production 1 step. Gain 3 plants.,,,
088,Heather,6,134,3 Project,4 Auto,0 Base,,,-14,degrees C,←,,,,,1,,,,,,,,,1,1,0,0,0,0,0,0,0,0,1,,,,Requires -14°C or warmer. Increase your plant production 1 step. Gain 1 plant.,,,
089,Peroxide Power,7,135,3 Project,4 Auto,0 Base,,,,,,1,,,1,,,,,,,,,,2,1,0,0,0,0,0,0,0,0,1,,,,Decrease your M€ production 1 step and increase your energy production 2 steps.,,,
093,Bushes,10,136,3 Project,4 Auto,0 Base,,,-10,degrees C,←,,,,,1,,,,,,,,,1,1,0,0,0,0,0,0,0,0,1,,,,Requires -10°C or warmer. Increase your plant production 2 steps. Gain 2 plants.,,,
096,Greenhouses,6,137,3 Project,4 Auto,0 Base,,,,,,1,,,,1,,,,,,,,,2,1,0,0,0,0,0,0,0,0,1,,,,Gain 1 plant for each city tile in play.,,,
097,Nuclear Zone,10,138,3 Project,4 Auto,0 Base,,,,,,,,,,,,,,1,,,,,1,1,0,0,0,0,0,0,0,0,1,,-2,,Place this tile and raise temperature 2 steps.,,,
100,Fueled Generators,1,139,3 Project,4 Auto,0 Base,,,,,,1,,,1,,,,,,,,,,2,1,0,0,0,0,0,0,0,0,1,,,,Decrease your M€ production 1 step and increase your energy production 1 step.,,,
101,Ironworks,11,140,3 Project,3 Active,0 Base,,,,,,1,,,,,,,,,,,,,1,0,0,1,0,0,0,0,0,0,1,,,,,Action: Spend 4 energy to gain 1 steel and increase oxygen 1 step.,,
102,Power Grid,18,141,3 Project,4 Auto,0 Base,,,,,,,,,1,,,,,,,,,,1,1,0,0,0,0,0,0,0,0,1,,,,"Increase your energy production 1 step for each power tag you have, including this.)",,,
103,Steelworks,15,142,3 Project,3 Active,0 Base,,,,,,1,,,,,,,,,,,,,1,0,0,1,0,0,0,0,0,0,1,,,,,Action: Spend 4 energy to gain 2 steel and increase oxygen 1 step.,,
104,Ore Processor,13,143,3 Project,3 Active,0 Base,,,,,,1,,,,,,,,,,,,,1,0,0,1,0,0,0,0,0,0,1,,,,,Action: Spend 4 energy to gain 1 titanium and increase oxygen 1 step.,,
108,Open City,23,144,3 Project,4 Auto,0 Base,,,12,% oxygen,←,1,,1,,,,,,,,,,,2,1,0,0,0,0,0,0,0,0,1,,1,,Requires 12% oxygen. Decrease your energy production 1 step and increase your M€ production 4 steps. Gain 2 plants and place a city tile.,,,
113,Solar Power,11,145,3 Project,4 Auto,0 Base,,,,,,1,,,1,,,,,,,,,,2,1,0,0,0,0,0,0,0,0,1,,1,,Increase your energy production 1 step.,,,
114,Breathing Filters,11,146,3 Project,4 Auto,0 Base,,,7,% oxygen,←,,,,,,,,1,,,,,,1,0,0,0,0,0,0,0,0,0,0,,2,,Requires 7% oxygen.,,,
115,Artificial Photosynthesis,12,147,3 Project,4 Auto,0 Base,,,,,,,,,,,,,1,,,,,,1,2,0,0,0,0,0,0,0,0,2,,,,Increase your plant production 1 step or your energy production 2 steps.,,,
116,Artificial Lake,15,148,3 Project,4 Auto,0 Base,,,-6,degrees C,←,1,,,,,,,,,,,,,1,1,0,0,0,0,0,0,0,0,1,,1,,Requires -6°C or warmer. Place 1 ocean tile ON AN AREA NOT RESERVED FOR OCEAN.,,,
117,Geothermal Power,11,149,3 Project,4 Auto,0 Base,,,,,,1,,,1,,,,,,,,,,2,1,0,0,0,0,0,0,0,0,1,,,,Increase your energy production 2 steps.,,,
118,Farming,16,150,3 Project,4 Auto,0 Base,,,4,degrees C,←,,,,,1,,,,,,,,,1,1,0,0,0,0,0,0,0,0,1,,2,,Requires +4°C or warmer. Increase your M€ production 2 steps and your plant production 2 steps. Gain 2 plants.,,,
119,Dust Seals,2,151,3 Project,4 Auto,0 Base,,max,3,ocean,←,,,,,,,,,,,,Ⓧ,,0,0,0,0,0,0,0,0,0,0,0,,1,,Requires 3 or less ocean tiles.,,"""fewer""",
120,Urbanized Area,10,152,3 Project,4 Auto,0 Base,,,,,,1,,1,,,,,,,,,,,2,1,0,0,0,0,0,0,0,0,1,,,,Decrease your energy production 1 step and increase your M€ production 2 steps. Place a city tile ADJACENT TO AT LEAST 2 OTHER CITY TILES.,,,
122,Moss,4,153,3 Project,4 Auto,0 Base,,,3,ocean,←,,,,,1,,,,,,,,,1,1,0,0,0,0,0,0,0,0,1,,,,Requires 3 ocean tiles and that you lose 1 plant. Increase your plant production 1 step.,,see Potatoes (purely theoretical rules error),
126,GHG Factories,11,154,3 Project,4 Auto,0 Base,,,,,,1,,,,,,,,,,,,,1,1,0,0,0,0,0,0,0,0,1,,,,Decrease your energy production 1 step and increase your heat production 4 steps.,,,
127,Subterranean Reservoir,11,155,3 Project,5 Event,0 Base,,,,,,,,,,,,,,,,,Ⓧ,,0,1,0,0,0,0,0,0,0,0,1,,,,Place 1 ocean tile.,,,
128,Ecological Zone,12,156,3 Project,3 Active,0 Base,,,1,greenery tile,←,,,,,1,,1,,,,,,,2,1,0,0,0,1,0,0,0,0,2,animal,1,2 resources here,Requires that you have a greenery tile. Place this tile ADJACENT TO ANY GREENERY TILE. 1 VP per 2 animals on this card.,"Effect: When you play an animal or a plant tag (including these 2), add an animal to this card.","""an animal tag or plant tag""",
129,Zeppelins,13,157,3 Project,4 Auto,0 Base,,,5,% oxygen,←,,,,,,,,,,,,Ⓧ,,0,1,0,0,0,0,0,0,0,0,1,,1,,Requires 5% oxygen. Increase your M€ production 1 step for each city tile ON MARS.,,"""ON MARS"" is trying to both restrict (no remote cities) and expand (include opponent cities) the set of considered cities at the same time",
130,Worms,8,158,3 Project,4 Auto,0 Base,,,4,% oxygen,←,,,,,,1,,,,,,,,1,1,0,0,0,0,0,0,0,0,1,,,,"Requires 4% oxygen. Increase your plant production 1 step for every 2 microbe tags you have, including this.",,,
131,Decomposers,5,159,3 Project,3 Active,0 Base,,,3,% oxygen,←,,,,,,1,,,,,,,,1,0,0,0,0,1,0,0,0,0,1,microbe,1,3 resources here,Requires 3% oxygen. 1 VP per 3 microbes on this card.,"Effect: When you play an animal, plant, or microbe tag, including this, add a microbe to this card.","""an animal tag, plant tag, or microbe tag""",
132,Fusion Power,14,160,3 Project,4 Auto,0 Base,,,2,power tag,←,1,,,1,,,,1,,,,,,3,1,0,0,0,0,0,0,0,0,1,,,,Requires 2 power tags. Increase your energy production 3 steps.,,,
133,Symbiotic Fungus,4,161,3 Project,3 Active,0 Base,,,-14,degrees C,←,,,,,,1,,,,,,,,1,0,0,1,0,0,0,0,0,0,1,,,,Requires -14°C or warmer.,Action: Add a microbe to ANOTHER card.,,
134,Extreme-Cold Fungus,13,162,3 Project,3 Active,0 Base,,max,-10,degrees C,←,,,,,,1,,,,,,,,1,0,0,2,0,0,0,0,0,0,2,,,,It must be -10°C or colder.,Action: Gain 1 plant or add 2 microbes to ANOTHER card.,,
135,Advanced Ecosystems,11,163,3 Project,4 Auto,0 Base,,,1,set of P/M/A tags,←,,,,,1,1,1,,,,,,,3,0,0,0,0,0,0,0,0,0,0,,3,,"Requires a plant tag, a microbe tag, and an animal tag.",,,
136,Great Dam,12,164,3 Project,4 Auto,0 Base,,,4,ocean,←,1,,,1,,,,,,,,,,2,1,0,0,0,0,0,0,0,0,1,,1,,Requires 4 ocean tiles. Increase your energy production 2 steps.,,,
138,Strip Mine,25,165,3 Project,4 Auto,0 Base,,,,,,1,,,,,,,,,,,,,1,1,0,0,0,0,0,0,0,0,1,,,,Decrease your energy production 2 steps. Increase your steel production 2 steps and your titanium production 1 step. Raise oxygen 2 steps.,,,
139,Wave Power,8,166,3 Project,4 Auto,0 Base,,,3,ocean,←,,,,1,,,,,,,,,,1,1,0,0,0,0,0,0,0,0,1,,1,,Requires 3 ocean tiles. Increase your energy production 1 step.,,,
140,Lava Flows,18,167,3 Project,5 Event,0 Base,,,,,,,,,,,,,,,,,Ⓧ,,0,1,0,0,0,0,0,0,0,0,1,,,,"Raise temperature 2 steps and place this tile ON EITHER THARSIS THOLUS, ASCRAEUS MONS, PAVONIS MONS OR ARSIA MONS.",,"suggest ""Place this tile; if using a board with volcanic areas, this tile MUST be placed on one.""",
141,Power Plant,4,168,3 Project,4 Auto,0 Base,,,,,,1,,,1,,,,,,,,,,2,1,0,0,0,0,0,0,0,0,1,,,,Increase your energy production 1 step.,,,
142,Mohole Area,20,169,3 Project,4 Auto,0 Base,,,,,,1,,,,,,,,,,,,,1,1,0,0,0,0,0,0,0,0,1,,,,Increase your heat production 4 steps. Place this tile ON AN AREA RESERVED FOR OCEAN.,,,
143,Large Convoy,36,170,3 Project,5 Event,0 Base,,,,,,,1,,,,,,,1,,,,,2,2,0,0,0,0,0,0,0,0,2,,2,,"Place an ocean tile and draw 2 cards. Gain 5 plants, or add 4 animals to ANOTHER card.",,,
145,Tectonic Stress Power,18,171,3 Project,4 Auto,0 Base,,,2,science tag,←,1,,,1,,,,,,,,,,2,1,0,0,0,0,0,0,0,0,1,,1,,Requires 2 science tags. Increase your energy production 3 steps.,,,
146,Nitrophilic Moss,8,172,3 Project,4 Auto,0 Base,,,3,ocean,←,,,,,1,,,,,,,,,1,1,0,0,0,0,0,0,0,0,1,,,,Requires 3 ocean tiles and that you lose 2 plants. Increase your plant production 2 steps.,,see Potatoes (purely theoretical rules error),
147,Herbivores,12,173,3 Project,3 Active,0 Base,,,8,% oxygen,←,,,,,,,1,,,,,,,1,1,1,0,0,1,0,0,0,0,3,animal,1,2 resources here,Requires 8% oxygen. Add 1 animal to this card. Decrease any plant production 1 step. 1 VP per 2 animals on this card.,"Effect: When you place a greenery tile, add an animal to this card.",,
148,Insects,9,174,3 Project,4 Auto,0 Base,,,6,% oxygen,←,,,,,,1,,,,,,,,1,1,0,0,0,0,0,0,0,0,1,,,,Requires 6% oxygen. Increase your plant production 1 step for each plant tag you have.,,,
152,Insulation,2,175,3 Project,4 Auto,0 Base,,,,,,,,,,,,,,,,,Ⓧ,,0,1,0,0,0,0,0,0,0,0,1,,,,Decrease your heat production any number of steps and increase your M€ production the same number of steps.,,"""any number of"" should be ""one or more"" (rules error)",
153,Adaptation Technology,12,176,3 Project,3 Active,0 Base,,,,,,,,,,,,,1,,,,,,1,0,0,0,0,0,0,0,0,1,1,,1,,,"Effect: Your global requirements are +2 or -2 steps, your choice in each case.","suggest ""You may treat any global parameter requirement as if it is 2 steps lower or higher."" (More players post to ask just ""what does this even mean"" than any other card)",
155,Designed Microorganisms,16,177,3 Project,4 Auto,0 Base,,max,-14,degrees C,←,,,,,,1,,1,,,,,,2,1,0,0,0,0,0,0,0,0,1,,,,It must be -14°C or colder. Increase your plant production 2 steps.,,,
157,Nitrite Reducing Bacteria,11,178,3 Project,3 Active,0 Base,,,,,,,,,,,1,,,,,,,,1,1,0,2,0,0,0,0,0,0,3,microbe,,,Add 3 microbes to this card.,"Action: Add 1 microbe to this card, or remove 3 microbes to increase your TR 1 step.",,
158,Industrial Microbes,12,179,3 Project,4 Auto,0 Base,,,,,,1,,,,,1,,,,,,,,2,1,0,0,0,0,0,0,0,0,1,,,,Increase your energy production and your steel production 1 step each.,,,
159,Lichen,7,180,3 Project,4 Auto,0 Base,,,-24,degrees C,←,,,,,1,,,,,,,,,1,1,0,0,0,0,0,0,0,0,1,,,,Requires -24°C or warmer. Increase your plant production 1 step.,,,
161,Convoy From Europa,15,181,3 Project,5 Event,0 Base,,,,,,,1,,,,,,,,,,,,1,1,0,0,0,0,0,0,0,0,1,,,,Place 1 ocean tile and draw 1 card.,,,
162,Imported GHG,7,182,3 Project,5 Event,0 Base,,,,,,,1,,,,,,,1,,,,,2,1,0,0,0,0,0,0,0,0,1,,,,Increase your heat production 1 step and gain 3 heat.,,,
163,Imported Nitrogen,23,183,3 Project,5 Event,0 Base,,,,,,,1,,,,,,,1,,,,,2,2,0,0,0,0,0,0,0,0,2,,,,Raise your TR 1 step and gain 4 plants. Add 3 microbes to ANOTHER card and 2 animals to ANOTHER card.,,,
164,Micro-Mills,3,184,3 Project,4 Auto,0 Base,,,,,,,,,,,,,,,,,Ⓧ,,0,1,0,0,0,0,0,0,0,0,1,,,,Increase your heat production 1 step.,,,
165,Magnetic Field Generators,20,185,3 Project,4 Auto,0 Base,,,,,,1,,,,,,,,,,,,,1,1,0,0,0,0,0,0,0,0,1,,,,Decrease your energy production 4 steps and increase your plant production 2 steps. Raise your TR 3 steps.,,,
166,Shuttles,10,186,3 Project,3 Active,0 Base,,,5,% oxygen,←,,1,,,,,,,,,,,,1,1,0,0,0,0,1,0,0,0,2,,1,,Requires 5% oxygen. Decrease your energy production 1 step and increase your M€ production 2 steps.,"Effect: When you play a space card, you pay 2 M€ less for it.",,
167,Import Of Advanced GHG,9,187,3 Project,5 Event,0 Base,,,,,,,1,,,,,,,1,,,,,2,1,0,0,0,0,0,0,0,0,1,,,,Increase your heat production 2 steps.,,,
168,Windmills,6,188,3 Project,4 Auto,0 Base,,,7,% oxygen,←,1,,,1,,,,,,,,,,2,1,0,0,0,0,0,0,0,0,1,,1,,Requires 7% oxygen. Increase your energy production 1 step.,,,
169,Tundra Farming,16,189,3 Project,4 Auto,0 Base,,,-6,degrees C,←,,,,,1,,,,,,,,,1,1,0,0,0,0,0,0,0,0,1,,2,,Requires -6°C or warmer. Increase your plant production 1 step and your M€ production 2 steps. Gain 1 plant.,,,
170,Aerobraked Ammonia Asteroid,26,190,3 Project,5 Event,0 Base,,,,,,,1,,,,,,,,,,,,1,1,0,0,0,0,0,0,0,0,1,,,,Add 2 microbes to ANOTHER card. Increase your heat production 3 steps and your plant production 1 step.,,,
171,Magnetic Field Dome,5,191,3 Project,4 Auto,0 Base,,,,,,1,,,,,,,,,,,,,1,1,0,0,0,0,0,0,0,0,1,,,,Decrease your energy production 2 steps and increase your plant production 1 step. Raise your terraform rating 1 step.,,,
172,Pets,10,192,3 Project,3 Active,0 Base,,,,,,,,,,,,1,,1,,,,,2,1,0,0,0,1,0,0,0,1,3,animal,1,2 resources here,Add 1 animal to this card. 1 VP per 2 animals here.,"Effect: When any city tile is placed, add an animal to this card. ANIMALS MAY NOT BE REMOVED FROM THIS CARD",,
174,Protected Valley,23,193,3 Project,4 Auto,0 Base,,,,,,1,,,,1,,,,,,,,,2,1,0,0,0,0,0,0,0,0,1,,,,"Increase your M€ production 2 steps. Place a greenery tile ON AN AREA RESERVED FOR OCEAN, disregarding normal placement restrictions, and increase oxygen 1 step.",,oxygen reminder would be better parenthesized,
176,Noctis Farming,10,194,3 Project,4 Auto,0 Base,,,-20,degrees C,←,1,,,,1,,,,,,,,,2,1,0,0,0,0,0,0,0,0,1,,1,,Requires -20°C or warmer. Increase your M€ production 1 step and gain 2 plants.,,,
177,Water Splitting Plant,12,195,3 Project,3 Active,0 Base,,,2,ocean,←,1,,,,,,,,,,,,,1,0,0,1,0,0,0,0,0,0,1,,,,Requires 2 ocean tiles.,Action: Spend 3 energy to raise oxygen 1 step.,,
178,Heat Trappers,6,196,3 Project,4 Auto,0 Base,,,,,,1,,,1,,,,,,,,,,2,1,1,0,0,0,0,0,0,0,2,,-1,,Decrease any heat production 2 steps and increase your energy production 1 step.,,,
179,Soil Factory,9,197,3 Project,4 Auto,0 Base,,,,,,1,,,,,,,,,,,,,1,1,0,0,0,0,0,0,0,0,1,,1,,Decrease your energy production 1 step and increase your plant production 1 step.,,,
181,Ice Cap Melting,5,198,3 Project,5 Event,0 Base,,,2,degrees C,←,,,,,,,,,,,,Ⓧ,,0,1,0,0,0,0,0,0,0,0,1,,,,Requires +2°C or warmer. Place 1 ocean tile.,,,
183,Biomass Combustors,4,199,3 Project,4 Auto,0 Base,,,6,% oxygen,←,1,,,1,,,,,,,,,,2,1,1,0,0,0,0,0,0,0,2,,-1,,Requires 6% oxygen. Decrease any plant production 1 step and increase your energy production 2 steps.,,,
184,Livestock,13,200,3 Project,3 Active,0 Base,,,9,% oxygen,←,,,,,,,1,,,,,,,1,1,0,1,0,0,0,0,0,0,2,animal,1,resource here,Requires 9% oxygen. Decrease your plant production 1 step and increase your M€ production 2 steps. 1 VP for each animal on this card.,Action: Add 1 animal to this card.,,
187,Aquifer Pumping,18,201,3 Project,3 Active,0 Base,,,,,,1,,,,,,,,,,,,,1,0,0,1,0,0,0,0,0,0,1,,,,,Action: Spend 8 M€ to place 1 ocean tile. STEEL MAY BE USED as if you were playing a building card.,,
188,Flooding,7,202,3 Project,5 Event,0 Base,,,,,,,,,,,,,,,,,Ⓧ,,0,1,1,0,0,0,0,0,0,0,2,,-1,,"Place an ocean tile. IF THERE ARE TILES ADJACENT TO THIS OCEAN TILE, YOU MAY REMOVE 4 M€ FROM THE OWNER OF ONE OF THOSE TILES.",,"""4"" should be ""up to 4"" (rules error)",
189,Energy Saving,15,203,3 Project,4 Auto,0 Base,,,,,,,,,1,,,,,,,,,,1,1,0,0,0,0,0,0,0,0,1,,,,Increase your energy production 1 step for each city tile in play.,,,
190,Local Heat Trapping,1,204,3 Project,5 Event,0 Base,,,,,,,,,,,,,,,,,Ⓧ,,0,2,0,0,0,0,0,0,0,0,2,,,,"Spend 5 heat to either gain 4 plants, or to add 2 animals to ANOTHER card.",,,
191,Permafrost Extraction,8,205,3 Project,5 Event,0 Base,,,-8,degrees C,←,,,,,,,,,,,,Ⓧ,,0,1,0,0,0,0,0,0,0,0,1,,,,Requires -8°C or warmer. Place 1 ocean tile.,,,
193,Plantation,15,206,3 Project,4 Auto,0 Base,,,2,science tag,←,,,,,1,,,,,,,,,1,1,0,0,0,0,0,0,0,0,1,,,,Requires 2 science tags. Place a greenery tile and raise oxygen 1 step.,,oxygen reminder would be better parenthesized,
198,Immigration Shuttles,31,207,3 Project,4 Auto,0 Base,,,,,,,1,,,,,,,1,,,,,2,1,0,0,0,0,0,0,0,0,1,,1,any 3 cities,Increase your M€ production 5 steps. 1 VP for every 3rd city in play.,,"""for every 3rd city"" is unusual, means ""per 3 city tiles""",
200,Immigrant City,13,208,3 Project,3 Active,0 Base,,,,,,1,,1,,,,,,,,,,,2,1,0,0,0,1,0,0,0,0,2,,,,Decrease your energy production 1 step and decrease your M€ production 2 steps. Place a city tile.,"Effect: Each time a city tile is placed, including this, increase your M€ production 1 step.","""Each time"" is slightly unusual; means ""When""",
202,Underground Detonations,6,209,3 Project,3 Active,0 Base,,,,,,1,,,,,,,,,,,,,1,0,0,1,0,0,0,0,0,0,1,,,,,Action: Spend 10 M€ to increase your heat production 2 steps.,,
203,Soletta,35,210,3 Project,4 Auto,0 Base,,,,,,,1,,,,,,,,,,,,1,1,0,0,0,0,0,0,0,0,1,,,,Increase your heat production 7 steps.,,,
205,Rad-Chem Factory,8,211,3 Project,4 Auto,0 Base,,,,,,1,,,,,,,,,,,,,1,1,0,0,0,0,0,0,0,0,1,,,,Decrease your energy production 1 step. Raise your terraform rating 2 steps.,,,
206,Special Design,4,212,3 Project,5 Event,0 Base,,,,,,,,,,,,,1,,,,,,1,0,0,0,0,0,0,0,1,0,1,,,,"The next card you play this generation is +2 or -2 in global requirements, your choice.",,,
002,Asteroid Mining Consortium,13,213,3 Project,4 Auto,1 CorpEra,,,1,titanium production,←,,,,,,,,,,1,,,,1,1,1,0,0,0,0,0,0,0,2,,1,,Requires that you have titanium production. Decrease any titanium production 1 step and increase your own 1 step.,,,
006,Inventors' Guild,9,214,3 Project,3 Active,1 CorpEra,,,,,,,,,,,,,1,,,,,,1,0,0,1,0,0,0,0,0,0,1,,,,,Action: LOOK AT THE TOP CARD AND EITHER BUY IT OR DISCARD IT,,
013,Space Elevator,27,215,3 Project,3 Active,1 CorpEra,,,,,,1,1,,,,,,,,,,,,2,1,0,1,0,0,0,0,0,0,2,,2,,Increase your titanium production 1 step.,Action: Spend 1 steel to gain 5 M€,,
014,Development Center,11,216,3 Project,3 Active,1 CorpEra,,,,,,1,,,,,,,1,,,,,,2,0,0,1,0,0,0,0,0,0,1,,,,,Action: Spend 1 energy to draw a card.,,
025,Space Station,10,217,3 Project,3 Active,1 CorpEra,,,,,,,1,,,,,,,,,,,,1,0,0,0,0,0,1,0,0,0,1,,1,,,"Effect: When you play a space card, you pay 2 M€ less for it.",,
027,Interstellar Colony Ship,24,218,3 Project,5 Event,1 CorpEra,,,5,science tag,←,,1,,,,,,,1,,,,,2,0,0,0,0,0,0,0,0,0,0,,4,,Requires 5 science tags.,,,
028,Security Fleet,12,219,3 Project,3 Active,1 CorpEra,,,,,,,1,,,,,,,,,,,,1,0,0,1,0,0,0,0,0,0,1,fighter,1,resource here,1 VP for each fighter resource on this card.,Action: Spend 1 titanium to add 1 fighter resource to this card.,,
046,Lightning Harvest,8,220,3 Project,4 Auto,1 CorpEra,,,3,science tag,←,,,,1,,,,,,,,,,1,1,0,0,0,0,0,0,0,0,1,,1,,Requires 3 science tags. Increase your energy production and your M€ production 1 step each.,,,
049,Tardigrades,4,221,3 Project,3 Active,1 CorpEra,,,,,,,,,,,1,,,,,,,,1,0,0,1,0,0,0,0,0,0,1,microbe,1,4 resources here,1 VP per 4 microbes on this card.,Action: Add 1 microbe to this card.,,
050,Virus,1,222,3 Project,5 Event,1 CorpEra,,,,,,,,,,,1,,,,,,,,1,0,2,0,0,0,0,0,0,0,2,,,,Remove up to 2 animals or 5 plants from any player.,,,
051,Miranda Resort,12,223,3 Project,4 Auto,1 CorpEra,,,,,,,1,,,,,,,,1,,,,2,1,0,0,0,0,0,0,0,0,1,,1,,Increase your M€ production 1 step for each Earth tag you have.,,,
056,Mine,4,224,3 Project,4 Auto,1 CorpEra,,,,,,1,,,,,,,,,,,,,1,1,0,0,0,0,0,0,0,0,1,,,,Increase your steel production 1 step.,,,
057,Vesta Shipyard,15,225,3 Project,4 Auto,1 CorpEra,,,,,,,1,,,,,,,,1,,,,2,1,0,0,0,0,0,0,0,0,1,,1,,Increase your titanium production 1 step.,,,
061,Great Escarpment Consortium,6,226,3 Project,4 Auto,1 CorpEra,,,1,steel production,←,,,,,,,,,,,,Ⓧ,,0,1,1,0,0,0,0,0,0,0,2,,,,Requires that you have steel production. Decrease any steel production 1 step and increase your own 1 step.,,,
062,Mineral Deposit,5,227,3 Project,5 Event,1 CorpEra,,,,,,,,,,,,,,,,,Ⓧ,,0,1,0,0,0,0,0,0,0,0,1,,,,Gain 5 steel.,,,
064,Mining Area,4,228,3 Project,4 Auto,1 CorpEra,,,,,,1,,,,,,,,,,,,,1,2,0,0,0,0,0,0,0,0,2,,,,"Place this tile on an area with a steel or titanium placement bonus, adjacent to another of your tiles. Increase your production of that resource 1 step.",,,
065,Building Industries,6,229,3 Project,4 Auto,1 CorpEra,,,,,,1,,,,,,,,,,,,,1,1,0,0,0,0,0,0,0,0,1,,,,Decrease your energy production 1 step and increase your steel production 2 steps.,,,
066,Land Claim,1,230,3 Project,5 Event,1 CorpEra,,,,,,,,,,,,,,,,,Ⓧ,,0,1,0,0,0,0,0,0,0,0,1,,,,PLACE YOUR MARKER ON A NON-RESERVED AREA. ONLY YOU MAY PLACE A TILE HERE,,,
068,Sponsors,6,231,3 Project,4 Auto,1 CorpEra,,,,,,,,,,,,,,1,,,,,1,1,0,0,0,0,0,0,0,0,1,,,,Increase your M€ production 2  steps.,,,
069,Electro Catapult,17,232,3 Project,3 Active,1 CorpEra,,max,8,% oxygen,←,1,,,,,,,,,,,,,1,1,0,2,0,0,0,0,0,0,3,,1,,Oxygen must be 8% or less. Decrease your energy production 1 step.,Action: Spend 1 plant or 1 steel to gain 7 M€.,,
070,Earth Catapult,23,233,3 Project,3 Active,1 CorpEra,,,,,,,,,,,,,,1,,,,,1,0,0,0,0,0,1,0,0,0,1,,2,,,"Effect: When you play a card, you pay 2 M€ less for it.","I corrected ""when"" → ""When""",
071,Advanced Alloys,9,234,3 Project,3 Active,1 CorpEra,,,,,,,,,,,,,1,,,,,,1,0,0,0,0,0,0,2,0,0,2,,,,,Effect: Each titanium you have is worth 1 M€ extra. Each steel you have is worth 1 M€ extra.,,
073,Mars University,8,235,3 Project,3 Active,1 CorpEra,,,,,,1,,,,,,,1,,,,,,2,0,0,0,0,1,0,0,0,0,1,,1,,,"Effect: When you play a science tag, including this, you may discard a card from hand to draw a card.",,
074,Viral Enhancers,9,236,3 Project,3 Active,1 CorpEra,,,,,,,,,,,1,,1,,,,,,2,0,0,0,0,2,0,0,0,0,2,,,,,"Effect: When you play a plant, microbe, or an animal tag, including this, gain 1 plant or add 1 resource TO THAT CARD.","I interpret ""resource"" as ""microbe/animal"", as pictured, so if a fan card collects some other resource type I would have to take the plant.",
079,Quantum Extractor,13,237,3 Project,3 Active,1 CorpEra,,,4,science tag,←,,,,1,,,,1,,,,,,2,1,0,0,0,0,1,0,0,0,2,,,,Requires 4 science tags. Increase your energy production 4 steps.,"Effect: When you play a space card, you pay 2 M€ less for it",,
082,Callisto Penal Mines,24,238,3 Project,4 Auto,1 CorpEra,,,,,,,1,,,,,,,,1,,,,2,1,0,0,0,0,0,0,0,0,1,,2,,Increase your M€ production 3 steps.,,,
084,Trans-Neptune Probe,6,239,3 Project,4 Auto,1 CorpEra,,,,,,,1,,,,,,1,,,,,,2,0,0,0,0,0,0,0,0,0,0,,1,,,,,
085,Commercial District,16,240,3 Project,4 Auto,1 CorpEra,,,,,,1,,,,,,,,,,,,,1,1,0,0,0,0,0,0,0,0,1,,1,adjacent city tile,Decrease your energy production 1 step and increase your M€ production 4 steps. Place this tile. 1 VP PER ADJACENT CITY TILE.,,,
086,Robotic Workforce,9,241,3 Project,4 Auto,1 CorpEra,,,,,,,,,,,,,1,,,,,,1,1,0,0,0,0,0,0,0,0,1,,,,Duplicate only the production box of one of your building cards.,,,
090,Research,11,242,3 Project,4 Auto,1 CorpEra,,,,,,,,,,,,,2,,,,,,2,1,0,0,0,0,0,0,0,0,1,,1,,Counts as playing 2 science cards. Draw 2 cards.,,does not count as playing 2 cards (rules error),
091,Gene Repair,12,243,3 Project,4 Auto,1 CorpEra,,,3,science tag,←,,,,,,,,1,,,,,,1,1,0,0,0,0,0,0,0,0,1,,2,,Requires 3 science tags. Increase your M€ production 2 steps.,,,
092,Io Mining Industries,41,244,3 Project,4 Auto,1 CorpEra,,,,,,,1,,,,,,,,1,,,,2,1,0,0,0,0,0,0,0,0,1,,1,Jovian tag,Increase your titanium production 2 steps and your M€ production 2 steps. 1 VP per Jovian tag you have.,,,
094,Mass Converter,8,245,3 Project,3 Active,1 CorpEra,,,5,science tag,←,,,,1,,,,1,,,,,,2,1,0,0,0,0,1,0,0,0,2,,,,Requires 5 science tags. Increase your energy production 6 steps.,"Effect: When you play a space card, you pay 2 M€ less for it.",,
095,Physics Complex,12,246,3 Project,3 Active,1 CorpEra,,,,,,1,,,,,,,1,,,,,,2,0,0,1,0,0,0,0,0,0,1,science,2,resource here,2 VP for each science resource on this card.,Action: Spend 6 energy to add a science resource to this card.,,
098,Tropical Resort,13,247,3 Project,4 Auto,1 CorpEra,,,,,,1,,,,,,,,,,,,,1,1,0,0,0,0,0,0,0,0,1,,2,,Decrease your heat production 2 steps and increase your M€ production 3 steps.,,,
099,Toll Station,12,248,3 Project,4 Auto,1 CorpEra,,,,,,,1,,,,,,,,,,,,1,1,0,0,0,0,0,0,0,0,1,,,,Increase your M€ production 1 step for each space tag your OPPONENTS have.,,,
105,Earth Office,1,249,3 Project,3 Active,1 CorpEra,,,,,,,,,,,,,,1,,,,,1,0,0,0,0,0,1,0,0,0,1,,,,,"Effect: When you play an Earth tag, you pay 3 M€ less for it.",,
106,Acquired Company,10,250,3 Project,4 Auto,1 CorpEra,,,,,,,,,,,,,,1,,,,,1,1,0,0,0,0,0,0,0,0,1,,,,Increase your M€ production 3 steps.,,,
107,Media Archives,8,251,3 Project,4 Auto,1 CorpEra,,,,,,,,,,,,,,1,,,,,1,1,0,0,0,0,0,0,0,0,1,,,,Gain 1 M€ for each event EVER PLAYED by all players.,,"more accurately ""per card in all players' event piles"" (purely theoretical rules error)",
109,Media Group,6,252,3 Project,3 Active,1 CorpEra,,,,,,,,,,,,,,1,,,,,1,0,0,0,0,1,0,0,0,0,1,,,,,"Effect: After you play an event card, you gain 3 M€.","""After"" is unusual and means ""When"" (possible rules error)",
110,Business Network,4,253,3 Project,3 Active,1 CorpEra,,,,,,,,,,,,,,1,,,,,1,1,0,1,0,0,0,0,0,0,2,,,,Decrease your M€ production 1 step.,Action: LOOK AT THE TOP CARD AND EITHER BUY IT OR DISCARD IT,,
111,Business Contacts,7,254,3 Project,5 Event,1 CorpEra,,,,,,,,,,,,,,1,,,,,1,1,0,0,0,0,0,0,0,0,1,,,,LOOK AT THE TOP 4 CARDS FROM THE DECK. TAKE 2 OF THEM INTO HAND AND DISCARD THE OTHER 2,,,
112,Bribed Committee,7,255,3 Project,5 Event,1 CorpEra,,,,,,,,,,,,,,1,,,,,1,1,0,0,0,0,0,0,0,0,1,,-2,,Raise your terraform rating 2 steps.,,,
121,Sabotage,1,256,3 Project,5 Event,1 CorpEra,,,,,,,,,,,,,,,,,Ⓧ,,0,0,3,0,0,0,0,0,0,0,3,,,,"Remove up to 3 titanium from any player, or 4 steel, or 7 M€.",,,
123,Industrial Center,4,257,3 Project,3 Active,1 CorpEra,,,,,,1,,,,,,,,,,,,,1,1,0,1,0,0,0,0,0,0,2,,,,Place this tile ADJACENT TO A CITY TILE.,Action: Spend 7 M€ to increase your steel production 1 step.,,
124,Hired Raiders,1,258,3 Project,5 Event,1 CorpEra,,,,,,,,,,,,,,,,,Ⓧ,,0,0,2,0,0,0,0,0,0,0,2,,,,"Steal up to 2 steel, or 3 M€ from any player.",,,
125,Hackers,3,259,3 Project,4 Auto,1 CorpEra,,,,,,,,,,,,,,,,,Ⓧ,,0,1,1,0,0,0,0,0,0,0,2,,-1,,Decrease your energy production 1 step and any M€ production 2 steps. Increase your M€ production 2 steps.,,,
137,Cartel,8,260,3 Project,4 Auto,1 CorpEra,,,,,,,,,,,,,,1,,,,,1,1,0,0,0,0,0,0,0,0,1,,,,"Increase your M€ production 1 step for each Earth tag you have, including this.",,,
144,Titanium Mine,7,261,3 Project,4 Auto,1 CorpEra,,,,,,1,,,,,,,,,,,,,1,1,0,0,0,0,0,0,0,0,1,,,,Increase your titanium production 1 step.,,,
149,CEO's Favorite Project,1,262,3 Project,5 Event,1 CorpEra,,,,,,,,,,,,,,,,,Ⓧ,,0,1,0,0,0,0,0,0,0,0,1,,,,ADD 1 RESOURCE TO A CARD WITH AT LEAST 1 RESOURCE ON IT,,,
150,Anti-Gravity Technology,14,263,3 Project,3 Active,1 CorpEra,,,7,science tag,←,,,,,,,,1,,,,,,1,0,0,0,0,0,1,0,0,0,1,,3,,Requires 7 science tags.,"Effect: When you play a card, you pay 2 M€ less for it.",,
151,Investment Loan,3,264,3 Project,5 Event,1 CorpEra,,,,,,,,,,,,,,1,,,,,1,1,0,0,0,0,0,0,0,0,1,,,,Decrease your M€ production 1 step. Gain 10 M€.,,,
154,Caretaker Contract,3,265,3 Project,3 Active,1 CorpEra,,,0,degrees C,←,,,,,,,,,,,,Ⓧ,,0,0,0,1,0,0,0,0,0,0,1,,,,Requires 0°C or warmer.,Action: Spend 8 heat to increase your terraform rating 1 step.,,
156,Standard Technology,6,266,3 Project,3 Active,1 CorpEra,,,,,,,,,,,,,1,,,,,,1,0,0,0,0,1,0,0,0,0,1,,,,,"Effect: After you pay for a standard project, except selling patents, you gain 3 M€.",,
160,Power Supply Consortium,5,267,3 Project,4 Auto,1 CorpEra,,,2,power tag,←,,,,1,,,,,,,,,,1,1,1,0,0,0,0,0,0,0,2,,,,Requires 2 power tags. Decrease any energy production 1 step and increase your own 1 step.,,,
173,Protected Habitats,5,268,3 Project,3 Active,1 CorpEra,,,,,,,,,,,,,,,,,Ⓧ,,0,0,0,0,0,0,0,0,0,1,1,,,,,Effect: OPPONENTS MAY NOT REMOVE YOUR (Plant) (Animal) (Microbe),,
175,Satellites,10,269,3 Project,4 Auto,1 CorpEra,,,,,,,1,,,,,,,,,,,,1,1,0,0,0,0,0,0,0,0,1,,,,"Increase your M€ production 1 step for each space tag you have, including this.",,,
180,Fuel Factory,6,270,3 Project,4 Auto,1 CorpEra,,,,,,1,,,,,,,,,,,,,1,1,0,0,0,0,0,0,0,0,1,,,,Decrease your energy production 1 step and increase your titanium and your M€ production 1 step each.,,,
182,Corporate Stronghold,11,271,3 Project,4 Auto,1 CorpEra,,,,,,1,,1,,,,,,,,,,,2,1,0,0,0,0,0,0,0,0,1,,-2,,Decrease your energy production 1 step and increase your M€ production 3 steps. Place a city tile.,,,
185,Olympus Conference,10,272,3 Project,3 Active,1 CorpEra,,,,,,1,,,,,,,1,1,,,,,3,0,0,0,0,2,0,0,0,0,2,science,1,,,"Effect: When you play a science tag, including this, either add a science resource to this card, or remove a science resource from this card to draw a card.","inserted ""Effect:"" which is missing on card",
186,Rad-Suits,6,273,3 Project,4 Auto,1 CorpEra,,,2,ANY city,←,,,,,,,,,,,,Ⓧ,,0,1,0,0,0,0,0,0,0,0,1,,1,,Requires 2 cities in play. Increase your M€ production 1 step.,,"""cities"" should be ""city tiles""",
192,Invention Contest,2,274,3 Project,5 Event,1 CorpEra,,,,,,,,,,,,,1,,,,,,1,1,0,0,0,0,0,0,0,0,1,,,,LOOK AT THE TOP 3 CARDS FROM THE DECK. TAKE 1 OF THEM INTO HAND AND DISCARD THE OTHER 2,,,
194,Power Infrastructure,4,275,3 Project,3 Active,1 CorpEra,,,,,,1,,,1,,,,,,,,,,2,0,0,1,0,0,0,0,0,0,1,,,,,Action: Spend any number of energy to gain that amount of M€.,"""any number of"" should be ""one or more"" (rules error)",
195,Indentured Workers,0,276,3 Project,5 Event,1 CorpEra,,,,,,,,,,,,,,,,,Ⓧ,,0,0,0,0,0,0,0,0,1,0,1,,-1,,The next card you play this generation costs 8 M€ less.,,,
196,Lagrange Observatory,9,277,3 Project,4 Auto,1 CorpEra,,,,,,,1,,,,,,1,,,,,,2,1,0,0,0,0,0,0,0,0,1,,1,,Draw 1 card.,,,
197,Terraforming Ganymede,33,278,3 Project,4 Auto,1 CorpEra,,,,,,,1,,,,,,,,1,,,,2,1,0,0,0,0,0,0,0,0,1,,2,,"Raise your TR 1 step for each Jovian tag you have, including this.",,,
199,Restricted Area,11,279,3 Project,3 Active,1 CorpEra,,,,,,,,,,,,,1,,,,,,1,1,0,1,0,0,0,0,0,0,2,,,,Place this tile.,Action: Spend 2 M€ to draw a card.,,
201,Energy Tapping,3,280,3 Project,4 Auto,1 CorpEra,,,,,,,,,1,,,,,,,,,,1,1,1,0,0,0,0,0,0,0,2,,-1,,Decrease any energy production 1 step and increase your own 1 step.,,,
204,Technology Demonstration,5,281,3 Project,5 Event,1 CorpEra,,,,,,,1,,,,,,1,,,,,,2,1,0,0,0,0,0,0,0,0,1,,,,Draw 2 cards.,,,
207,Medical Lab,13,282,3 Project,4 Auto,1 CorpEra,,,,,,1,,,,,,,1,,,,,,2,1,0,0,0,0,0,0,0,0,1,,1,,"Increase your M€ production 1 step for every 2 building tags you have, including this.",,,
208,AI Central,21,283,3 Project,3 Active,1 CorpEra,,,3,science tag,←,1,,,,,,,1,,,,,,2,1,0,1,0,0,0,0,0,0,2,,1,,Requires 3 science tags to play. Decrease your energy production 1 step.,Action: Draw 2 cards.,"""to play"" is unusual",
209,Small Asteroid,10,284,3 Project,5 Event,X1 Pro/firstset,,,,,,,1,,,,,,,,,,,,1,1,1,0,0,0,0,0,0,0,2,,,,Increase temperature 1 step. Remove up to 2 plants from any player.,,,
210,Self-Replicating Robots,7,285,3 Project,3 Active,X1 Pro/firstset,,,2,science tag,←,,,,,,,,,,,,Ⓧ,,0,0,0,2,0,0,0,1,0,0,3,,,,Requires 2 science tags.,"Action: Reveal and place a SPACE or BUILDING card here from hand, and place 2 resources on it, or double the resources on a card here. / Effect: Cards here may be played as if from hand with its cost reduced by the number of resources on it.",,
211,Snow Algae,12,286,3 Project,4 Auto,X1 Pro/firstset,,,2,ocean,←,,,,,1,,,,,,,,,1,1,0,0,0,0,0,0,0,0,1,,,,Requires 2 oceans. Increase your plant production and your heat production 1 step each.,,"""oceans"" should be ""ocean tiles""",
212,Penguins,7,287,3 Project,3 Active,X1 Pro/firstset,,,8,ocean,←,,,,,,,1,,,,,,,1,0,0,1,0,0,0,0,0,0,1,animal,1,resource here,Requires 8 oceans. 1 VP for each animal on this card.,Action: Add 1 animal to this card.,"""oceans"" should be ""ocean tiles""",
213,Aerial Mappers,11,288,3 Project,3 Active,4 VenusNext,,,,,,,,,,,,,,,,1,,,1,0,0,2,0,0,0,0,0,0,2,floater,1,,,"Action: Add 1 floater to ANY card, or spend 1 floater here to draw a card.",,
214,Aerosport Tournament,7,289,3 Project,5 Event,4 VenusNext,,,5,floater,←,,,,,,,,,,,,Ⓧ,,0,1,0,0,0,0,0,0,0,0,1,,1,,Requires that you have 5 floaters. Gain 1 M€ for each city tile in play.,,,
215,Air-Scrapping Expedition,13,290,3 Project,5 Event,4 VenusNext,,,,,,,,,,,,,,,,1,,,1,1,0,0,0,0,0,0,0,0,1,,,,Raise Venus 1 step. Add 3 floaters to ANY VENUS CARD.,,,
216,Atalanta Planitia Lab,10,291,3 Project,4 Auto,4 VenusNext,,,3,science tag,←,,,,,,,,1,,,1,,,2,1,0,0,0,0,0,0,0,0,1,,2,,Requires 3 science tags. Draw 2 cards.,,,
217,Atmoscoop,22,292,3 Project,4 Auto,4 VenusNext,,,3,science tag,←,,1,,,,,,,,1,,,,2,2,0,0,0,0,0,0,0,0,2,,1,,"Requires 3 science tags. Either raise the temperature 2 steps, or raise Venus 2 steps. Add 2 floaters to ANY card.",,"""the temperature"" is unusual",
218,Comet For Venus,11,293,3 Project,5 Event,4 VenusNext,,,,,,,1,,,,,,,,,,,,1,1,1,0,0,0,0,0,0,0,2,,,,Raise Venus 1 step. Remove up to 4 M€ from a player WITH A VENUS TAG IN PLAY.,,,
219,Corroder Suits,8,294,3 Project,4 Auto,4 VenusNext,,,,,,,,,,,,,,,,1,,,1,1,0,0,0,0,0,0,0,0,1,,,,Increase your M€ production 2 steps. Add 1 resource to ANY VENUS CARD.,,,
220,Dawn City,15,295,3 Project,4 Auto,4 VenusNext,,,4,science tag,←,,1,1,,,,,,,,,,,2,1,0,0,0,0,0,0,0,0,1,,3,,Requires 4 science tags. Decrease your energy production 1 step. Increase your titanium production 1 step. Place a city tile ON THE RESERVED AREA.,,,
221,Deuterium Export,11,296,3 Project,3 Active,4 VenusNext,,,,,,,1,,1,,,,,,,1,,,3,0,0,2,0,0,0,0,0,0,2,floater,,,,"Action: Add 1 floater to this card, or spend 1 floater here to increase your energy production 1 step.",,
222,Dirigibles,11,297,3 Project,3 Active,4 VenusNext,,,,,,,,,,,,,,,,1,,,1,0,0,1,0,0,0,1,0,0,2,floater,,,,"Action: Add 1 floater to ANY card. / Effect: When playing a Venus tag, floaters here may be used as payment, and are worth 3 M€ each.","""playing"" is unusual; means ""you play""",
223,Extractor Balloons,21,298,3 Project,3 Active,4 VenusNext,,,,,,,,,,,,,,,,1,,,1,1,0,2,0,0,0,0,0,0,3,floater,,,Add 3 floaters to this card.,"Action: Add 1 floater to this card, or remove 2 floaters here to raise Venus 1 step.",,
224,Extremophiles,3,299,3 Project,3 Active,4 VenusNext,,,2,science tag,←,,,,,,1,,,,,1,,,2,0,0,1,0,0,0,0,0,0,1,microbe,1,3 resources here,Requires 2 science tags. 1 VP per 3 microbes on this card.,Action: Add 1 microbe to ANY card.,"I corrected ""for per"" → ""per""",
225,Floating Habs,5,300,3 Project,3 Active,4 VenusNext,,,2,science tag,←,,,,,,,,,,,1,,,1,0,0,1,0,0,0,0,0,0,1,floater,1,2 resources here,Requires 2 science tags. 1 VP per 2 floaters on this card.,Action: Spend 2 M€ to add 1 floater to ANY card.,,
226,Forced Precipitation,8,301,3 Project,3 Active,4 VenusNext,,,,,,,,,,,,,,,,1,,,1,0,0,2,0,0,0,0,0,0,2,floater,,,,"Action: Spend 2 M€ to add a floater to this card, or spend 2 floaters here to increase Venus 1 step.",,
227,Freyja Biodomes,14,302,3 Project,4 Auto,4 VenusNext,,,10,% Venus,←,,,,,1,,,,,,1,,,2,2,0,0,0,0,0,0,0,0,2,,2,,"Requires Venus 10%. Add 2 microbes or 2 animals TO ANOTHER VENUS CARD. Decrease your energy production 1 step, and increase your M€ production 2 steps.",,,
228,GHG Import From Venus,23,303,3 Project,5 Event,4 VenusNext,,,,,,,1,,,,,,,,,1,,,2,1,0,0,0,0,0,0,0,0,1,,,,Raise Venus 1 step. Increase your heat production 3 steps.,,,
229,Giant Solar Shade,27,304,3 Project,4 Auto,4 VenusNext,,,,,,,1,,,,,,,,,1,,,2,1,0,0,0,0,0,0,0,0,1,,,,Raise Venus 3 steps.,,,
230,Gyropolis,20,305,3 Project,4 Auto,4 VenusNext,,,,,,1,,1,,,,,,,,,,,2,1,0,0,0,0,0,0,0,0,1,,,,Decrease your energy production 2 steps. Increase your M€ production 1  step for each Venus and Earth tag you have. Place a city tile.,,,
231,Hydrogen To Venus,11,306,3 Project,5 Event,4 VenusNext,,,,,,,1,,,,,,,,,,,,1,1,0,0,0,0,0,0,0,0,1,,,,Raise Venus 1 step. Add 1 floater to A VENUS CARD for each Jovian tag you have.,,Bactoviral Research is probably phrased better (potential rules error),
232,Io Sulphur Research,17,307,3 Project,4 Auto,4 VenusNext,,,,,,,,,,,,,1,,1,,,,2,2,0,0,0,0,0,0,0,0,2,,2,,"Draw 1 card, or draw 3 cards if you have at least 3 Venus tags.",,,
233,Ishtar Mining,5,308,3 Project,4 Auto,4 VenusNext,,,8,% Venus,←,,,,,,,,,,,1,,,1,1,0,0,0,0,0,0,0,0,1,,,,Requires Venus 8%. Increase your titanium production 1 step.,,,
234,Jet Stream Microscrappers,12,309,3 Project,3 Active,4 VenusNext,,,,,,,,,,,,,,,,1,,,1,0,0,2,0,0,0,0,0,0,2,floater,,,,"Action: Spend 1 titanium to add 2 floaters to this card, or remove 2 floaters here to raise Venus 1 step.",,
235,Local Shading,4,310,3 Project,3 Active,4 VenusNext,,,,,,,,,,,,,,,,1,,,1,0,0,2,0,0,0,0,0,0,2,floater,,,,"Action: Add 1 floater to this card, or spend 1 floater here to raise your M€ production 1 step.",,
236,Luna Metropolis,21,311,3 Project,4 Auto,4 VenusNext,,,,,,,1,1,,,,,,1,,,,,3,2,0,0,0,0,0,0,0,0,2,,2,,"Increase your M€ production 1 step for each Earth tag you have, including this. Place a city tile ON THE RESERVED AREA.",,,
237,Luxury Foods,8,312,3 Project,4 Auto,4 VenusNext,,,1,set of E/J/V tags,←,,,,,,,,,,,,Ⓧ,,0,0,0,0,0,0,0,0,0,0,0,,2,,"Requires Venus, Earth and Jovian tags.",,,
238,Maxwell Base,18,313,3 Project,3 Active,4 VenusNext,,,12,% Venus,←,,,1,,,,,,,,1,,,2,1,0,1,0,0,0,0,0,0,2,,3,,Requires Venus 12%. Decrease your energy production 1 step. Place a city tile ON THE RESERVED AREA.,Action: Add 1 resource to ANOTHER VENUS CARD.,,
239,Mining Quota,5,314,3 Project,4 Auto,4 VenusNext,,,1,set of E/J/V tags,←,1,,,,,,,,,,,,,1,1,0,0,0,0,0,0,0,0,1,,,,"Requires Venus, Earth and Jovian tags. Increase your steel production 2 steps.",,,
240,Neutralizer Factory,7,315,3 Project,4 Auto,4 VenusNext,,,10,% Venus,←,,,,,,,,,,,1,,,1,1,0,0,0,0,0,0,0,0,1,,,,Requires Venus 10%. Increase Venus 1 step.,,,
241,Omnicourt,11,316,3 Project,4 Auto,4 VenusNext,,,1,set of E/J/V tags,←,1,,,,,,,,,,,,,1,1,0,0,0,0,0,0,0,0,1,,,,"Requires Venus, Earth, and Jovian tags. Increase your TR 2 steps.",,,
242,Orbital Reflectors,26,317,3 Project,4 Auto,4 VenusNext,,,,,,,1,,,,,,,,,1,,,2,1,0,0,0,0,0,0,0,0,1,,,,Raise Venus 2 steps. Increase your heat production 2 steps.,,,
243,Rotator Impacts,6,318,3 Project,3 Active,4 VenusNext,,max,14,% Venus,←,,1,,,,,,,,,,,,1,0,0,2,0,0,0,0,0,0,2,asteroid,,,Venus must be 14% or lower.,"Action: Spend 6 M€ to add an asteroid resource to this card (TITANIUM MAY BE USED), or spend a resource from this card to increase Venus 1 step.","""lower"" is unusual, means ""less""",
244,Sister Planet Support,7,319,3 Project,4 Auto,4 VenusNext,,,1,set of E/V tags,←,,,,,,,,,1,,1,,,2,1,0,0,0,0,0,0,0,0,1,,,,Requires Venus and Earth tag. Increase your M€ production 3 steps.,,"""tag"" should be ""tags"", or other rewording",
245,Solarnet,7,320,3 Project,4 Auto,4 VenusNext,,,1,set of E/J/V tags,←,,,,,,,,,,,,Ⓧ,,0,1,0,0,0,0,0,0,0,0,1,,1,,"Requires Venus, Earth, and Jovian tags. Draw 2 cards.",,,
246,Spin-Inducing Asteroid,16,321,3 Project,5 Event,4 VenusNext,,max,10,% Venus,←,,1,,,,,,,,,,,,1,1,0,0,0,0,0,0,0,0,1,,,,Venus must be 10% or lower. Raise Venus 2 steps.,,"""lower"" is unusual, means ""less""",
247,Sponsored Academies,9,322,3 Project,4 Auto,4 VenusNext,,,,,,,,,,,,,1,1,,,,,2,1,0,0,0,0,0,0,0,0,1,,1,,Discard 1 card from hand and THEN draw 3 cards. All OPPONENTS draw 1 card.,,,
248,Stratopolis,22,323,3 Project,3 Active,4 VenusNext,,,2,science tag,←,,,1,,,,,,,,1,,,2,1,0,1,0,0,0,0,0,0,2,floater,1,3 resources here,Requires 2 science tags. Increase your M€ production 2 steps. Place a city tile on THE RESERVED AREA. 1 VP per 3 floaters on this card.,Action: Add 2 floaters to ANY VENUS CARD.,,
249,Stratospheric Birds,12,324,3 Project,3 Active,4 VenusNext,,,12,% Venus,←,,,,,,,1,,,,1,,,2,1,0,1,0,0,0,0,0,0,2,animal,1,resource here,"Requires Venus 12%, and that you spend 1 floater from any card. 1 VP for each animal on this card.",Action: Add 1 animal to this card.,"""spend"" is unusual here, means ""remove""; also, see Potatoes (theoretical rules error)",
250,Sulphur Exports,21,325,3 Project,4 Auto,4 VenusNext,,,,,,,1,,,,,,,,,1,,,2,1,0,0,0,0,0,0,0,0,1,,,,"Increase Venus 1 step. Increase your M€ production 1 step for each Venus tag you have, including this.",,,
251,Sulphur-Eating Bacteria,6,326,3 Project,3 Active,4 VenusNext,,,6,% Venus,←,,,,,,1,,,,,1,,,2,0,0,2,0,0,0,0,0,0,2,microbe,,,Requires Venus 6%.,"Action: Add 1 microbe to this card, or spend any number of microbes here to gain triple that amount of M€.","I corrected ""the triple"" → ""triple that""
""any number of"" should be ""one or more""",
252,Terraforming Contract,8,327,3 Project,4 Auto,4 VenusNext,,,25,terraform rating,←,,,,,,,,,1,,,,,1,1,0,0,0,0,0,0,0,0,1,,,,Requires that you have at least 25 TR. Increase your M€ production 4 steps.,,,
253,Thermophiles,9,328,3 Project,3 Active,4 VenusNext,,,6,% Venus,←,,,,,,1,,,,,1,,,2,0,0,2,0,0,0,0,0,0,2,microbe,,,Requires Venus 6%.,"Action: Add 1 microbe to ANY VENUS CARD, or spend 2 microbes here to raise Venus 1 step.",,
254,Water To Venus,9,329,3 Project,5 Event,4 VenusNext,,,,,,,1,,,,,,,,,,,,1,1,0,0,0,0,0,0,0,0,1,,,,Raise Venus 1 step.,,,
255,Venus Governor,4,330,3 Project,4 Auto,4 VenusNext,,,2,Venus tag,←,,,,,,,,,,,2,,,2,1,0,0,0,0,0,0,0,0,1,,,,Requires 2 Venus tags. Increase your M€ production 2 steps.,,,
256,Venus Magnetizer,7,331,3 Project,3 Active,4 VenusNext,,,10,% Venus,←,,,,,,,,,,,1,,,1,0,0,1,0,0,0,0,0,0,1,,,,Requires Venus 10%,Action: Decrease your energy production 1 step to raise Venus 1 step.,,
257,Venus Soils,20,332,3 Project,4 Auto,4 VenusNext,,,,,,,,,,1,,,,,,1,,,2,1,0,0,0,0,0,0,0,0,1,,,,Raise Venus 1 step. Increase your plant production 1 step. Add 2 microbes to ANOTHER card.,,,
258,Venus Waystation,9,333,3 Project,3 Active,4 VenusNext,,,,,,,1,,,,,,,,,1,,,2,0,0,0,0,0,1,0,0,0,1,,1,,,"Effect: When you play a Venus tag, you pay 2 M€ less for it.",,
259,Venusian Animals,15,334,3 Project,3 Active,4 VenusNext,,,18,% Venus,←,,,,,,,1,1,,,1,,,3,0,0,0,0,1,0,0,0,0,1,animal,1,resource here,Requires Venus 18%. 1 VP for each animal on this card.,"Effect: When you play a science tag, including this, add 1 animal to this card.",,
260,Venusian Insects,5,335,3 Project,3 Active,4 VenusNext,,,12,% Venus,←,,,,,,1,,,,,1,,,2,0,0,1,0,0,0,0,0,0,1,microbe,1,2 resources here,Requires Venus 12%. 1 VP per 2 microbes on this card.,Action: Add 1 microbe to this card.,,
261,Venusian Plants,13,336,3 Project,4 Auto,4 VenusNext,,,16,% Venus,←,,,,,1,,,,,,1,,,2,2,0,0,0,0,0,0,0,0,2,,1,,Requires Venus 16%. Raise Venus 1 step. Add 1 microbe or 1 animal to ANOTHER VENUS CARD.,,,
P36,House Printing,10,337,3 Project,4 Auto,5 Prelude,,,,,,1,,,,,,,,,,,,,1,1,0,0,0,0,0,0,0,0,1,,1,,Increase your steel production 1 step.,,,
P37,Lava Tube Settlement,15,338,3 Project,4 Auto,5 Prelude,,,,,,1,,1,,,,,,,,,,,2,1,0,0,0,0,0,0,0,0,1,,,,"Decrease your energy production 1 step. Increase your M€ production 2 steps. Place a city tile ON A VOLCANIC AREA, same as Lava Flows, regardless of adjacent cities.",,"""Place a city tile; if using a board with volcanic areas, this tile MUST be placed on one, but may ignore adjacent cities."" (rules error)",
P38,Martian Survey,9,339,3 Project,5 Event,5 Prelude,,max,4,% oxygen,←,,,,,,,,1,,,,,,1,1,0,0,0,0,0,0,0,0,1,,1,,Oxygen must be 4% or lower. Draw 2 cards.,,"""lower"" is unusual, means ""less""",
P39,Psychrophiles,2,340,3 Project,3 Active,5 Prelude,,max,-20,degrees C,←,,,,,,1,,,,,,,,1,0,0,1,0,0,0,1,0,0,2,microbe,,,Requires temperature -20°C or colder.,"Action: Add a microbe to this card. / Effect: When paying for a plant card, microbes here may be used as 2 M€ each.","""Requires"" is unusual for max requirements, ***; ""paying"" is unusual, means ""you pay""",
P40,Research Coordination,4,341,3 Project,4 Auto,5 Prelude,,,,,,,,,,,,,,,,,Ⓧ,1,0,0,0,0,0,0,0,0,0,0,0,,,,"After being played, when you perform an action, the wild tag counts as any tag of your choice.",,,
P41,SF Memorial,7,342,3 Project,4 Auto,5 Prelude,,,,,,1,,,,,,,,,,,,,1,1,0,0,0,0,0,0,0,0,1,,1,,Draw 1 card.,,,
P42,Space Hotels,12,343,3 Project,4 Auto,5 Prelude,,,2,Earth tag,←,,1,,,,,,,1,,,,,2,1,0,0,0,0,0,0,0,0,1,,,,Requires 2 Earth tags. Increase your M€ production 4 steps.,,,
C01,Airliners,11,344,3 Project,4 Auto,6 Colonies,,,3,floater,←,,,,,,,,,,,,Ⓧ,,0,1,0,0,0,0,0,0,0,0,1,,1,,Requires that you have 3 floaters. Increase your M€ production 2 steps. Add 2 floaters to ANOTHER card.,,,
C02,Air Raid,0,345,3 Project,5 Event,6 Colonies,,,,,,,,,,,,,,,,,Ⓧ,,0,1,1,0,0,0,0,0,0,0,2,,,,Requires that you lose 1 floater. Steal 5 M€ from any player.,,"""5"" should be ""up to 5"" (rules error); also, see Potatoes (purely theoretical rules error)",
C03,Atmo Collectors,15,346,3 Project,3 Active,6 Colonies,,,,,,,,,,,,,,,,,Ⓧ,,0,1,0,4,0,0,0,0,0,0,5,floater,,,Add 2 floaters to ANY card.,"Action: Add 1 floater to this card, or spend 1 floater here to gain 2 titanium, or 3 energy, or 4 heat.",,
C04,Community Services,13,347,3 Project,4 Auto,6 Colonies,,,,,,,,,,,,,,,,,Ⓧ,,0,1,0,0,0,0,0,0,0,0,1,,1,,"Increase your M€ production 1 step per CARD WITH NO TAGS, including this.",,,
C05,Conscription,5,348,3 Project,5 Event,6 Colonies,,,2,Earth tag,←,,,,,,,,,1,,,,,1,0,0,0,0,0,0,0,1,0,1,,-1,,Requires 2 Earth tags. The next card you play this generation costs 16 M€ less.,,,
C06,Corona Extractor,10,349,3 Project,4 Auto,6 Colonies,,,4,science tag,←,,1,,1,,,,,,,,,,2,1,0,0,0,0,0,0,0,0,1,,,,Requires 4 science tags. Increase your energy production 4 steps.,,,
C07,Cryo-Sleep,10,350,3 Project,3 Active,6 Colonies,,,,,,,,,,,,,1,,,,,,1,0,0,0,0,0,3,0,0,0,3,,1,,,"Effect: When you trade, you pay 1 less resource for it.","""trade"" means ""use the Trade standard action"", whereas on Trade Envoys it means ""trade"" (rules error)",
C08,Earth Elevator,43,351,3 Project,4 Auto,6 Colonies,,,,,,,1,,,,,,,1,,,,,2,1,0,0,0,0,0,0,0,0,1,,4,,Increase your titanium production 3 steps.,,,
C09,Ecology Research,21,352,3 Project,4 Auto,6 Colonies,,,,,,,,,,1,1,1,1,,,,,,4,2,0,0,0,0,0,0,0,0,2,,1,,Increase your plant production 1 step for each colony you own. Add 1 animal to ANOTHER card and 2 microbes to ANOTHER card.,,,
C10,Floater Leasing,3,353,3 Project,4 Auto,6 Colonies,,,,,,,,,,,,,,,,,Ⓧ,,0,1,0,0,0,0,0,0,0,0,1,,,,Increase your M€ production 1 step per 3 floaters you have.,,,
C11,Floater Prototypes,2,354,3 Project,5 Event,6 Colonies,,,,,,,,,,,,,1,,,,,,1,1,0,0,0,0,0,0,0,0,1,,,,Add 2 floaters to ANOTHER card.,,,
C12,Floater Technology,7,355,3 Project,3 Active,6 Colonies,,,,,,,,,,,,,1,,,,,,1,0,0,1,0,0,0,0,0,0,1,,,,,Action: Add 1 floater to ANOTHER card.,,
C13,Galilean Waystation,15,356,3 Project,4 Auto,6 Colonies,,,,,,,1,,,,,,,,,,,,1,1,0,0,0,0,0,0,0,0,1,,1,,Increase your M€ production 1 step for every Jovian tag in play.,,,
C14,Heavy Taxation,3,357,3 Project,4 Auto,6 Colonies,,,2,Earth tag,←,,,,,,,,,1,,,,,1,1,0,0,0,0,0,0,0,0,1,,-1,,"Requires 2 Earth tags. Increase your M€ production 2 steps, and gain 4 M€.",,,
C15,Ice Moon Colony,23,358,3 Project,4 Auto,6 Colonies,,,,,,,1,,,,,,,,,,,,1,1,0,0,0,0,0,0,0,0,1,,,,Place 1 colony and 1 ocean tile.,,,
C16,Impactor Swarm,11,359,3 Project,5 Event,6 Colonies,,,2,Jovian tag,←,,1,,,,,,,,,,,,1,1,1,0,0,0,0,0,0,0,2,,,,Requries 2 Jovian tags. Gain 12 heat. Remove up to 2 plants from any player.,,,
C17,Interplanetary Colony Ship,12,360,3 Project,5 Event,6 Colonies,,,,,,,1,,,,,,,1,,,,,2,1,0,0,0,0,0,0,0,0,1,,,,Place a colony.,,,
C18,Jovian Lanterns,20,361,3 Project,3 Active,6 Colonies,,,1,Jovian tag,←,,,,,,,,,,1,,,,1,1,0,1,0,0,0,0,0,0,2,floater,1,2 resources here,Requires 1 Jovian tag. Increase your TR 1 step. Add 2 floaters to ANY card. 1 VP per 2 floaters here.,Action: Spend 1 titanium to add 2 floaters here.,,
C19,Jupiter Floating Station,9,362,3 Project,3 Active,6 Colonies,,,3,science tag,←,,,,,,,,,,1,,,,1,0,0,2,0,0,0,0,0,0,2,floater,1,,Requires 3 science tags.,"Action: Add 1 floater to a JOVIAN CARD, or gain 1 M€ for every floater here (MAX 4).",,
C20,Luna Governor,4,363,3 Project,4 Auto,6 Colonies,,,3,Earth tag,←,,,,,,,,,2,,,,,2,1,0,0,0,0,0,0,0,0,1,,,,Requires 3 Earth tags. Increase your M€ production 2 steps.,,,
C21,Lunar Exports,19,364,3 Project,4 Auto,6 Colonies,,,,,,,1,,,,,,,1,,,,,2,2,0,0,0,0,0,0,0,0,2,,,,"Increase your plant production 2 steps, or increase your M€ production 5 steps.",,,
C22,Lunar Mining,11,365,3 Project,4 Auto,6 Colonies,,,,,,,,,,,,,,1,,,,,1,1,0,0,0,0,0,0,0,0,1,,,,"Increase your titanium production 1 step for every 2 Earth tags you have in play, including this.",,,
C23,Market Manipulation,1,366,3 Project,5 Event,6 Colonies,,,,,,,,,,,,,,1,,,,,1,1,0,0,0,0,0,0,0,0,1,,,,INCREASE ONE COLONY TILE TRACK 1 STEP. DECREASE ANOTHER COLONY TILE TRACK 1 STEP,,,
C24,Martian Zoo,12,367,3 Project,3 Active,6 Colonies,,,2,ANY city,←,1,,,,,,1,,,,,,,2,0,0,1,0,1,0,0,0,0,2,animal,1,,Requires 2 city tiles in play.,"Effect: When you play an Earth tag, place an animal here. / Action: Gain 1 M€ per animal here.","I corrected ""when"" → ""When""
""place"" is unusual, means ""add""",
C25,Mining Colony,20,368,3 Project,4 Auto,6 Colonies,,,,,,,1,,,,,,,,,,,,1,1,0,0,0,0,0,0,0,0,1,,,,Increase your titanium production 1 step. Place a colony.,,,
C26,Minority Refuge,5,369,3 Project,4 Auto,6 Colonies,,,,,,,1,,,,,,,,,,,,1,1,0,0,0,0,0,0,0,0,1,,,,Decrease your M€ production 2 steps. Place a colony.,,,
C27,Molecular Printing,11,370,3 Project,4 Auto,6 Colonies,,,,,,,,,,,,,1,,,,,,1,1,0,0,0,0,0,0,0,0,1,,1,,Gain 1 M€ for each city tile in play. Gain 1 M€ for each colony in play.,,,
C28,Nitrogen From Titan,25,371,3 Project,4 Auto,6 Colonies,,,,,,,1,,,,,,,,1,,,,2,1,0,0,0,0,0,0,0,0,1,,1,,Raise your TR 2 steps. Add 2 floaters to a JOVIAN CARD.,,,
C29,Pioneer Settlement,13,372,3 Project,4 Auto,6 Colonies,,max,1,colony,←,,1,,,,,,,,,,,,1,1,0,0,0,0,0,0,0,0,1,,2,,Requires that you have no more than 1 colony. Decrease your M€ production 2 steps. Place a colony.,,,
C30,Productive Outpost,0,373,3 Project,4 Auto,6 Colonies,,,,,,,,,,,,,,,,,Ⓧ,,0,1,0,0,0,0,0,0,0,0,1,,,,GAIN ALL YOUR COLONY BONUSES,,,
C31,Quantum Communications,8,374,3 Project,4 Auto,6 Colonies,,,4,science tag,←,,,,,,,,,,,,Ⓧ,,0,1,0,0,0,0,0,0,0,0,1,,1,,Requires 4 science tags. Increase your M€ production 1 step for each colony in play.,,,
C32,Red Spot Observatory,17,375,3 Project,3 Active,6 Colonies,,,3,science tag,←,,,,,,,,1,,1,,,,2,1,0,2,0,0,0,0,0,0,3,floater,2,,Requires 3 science tags. Draw 2 cards.,"Action: Add 1 floater to this card, or spend 1 floater here to draw a card.",,
C33,Refugee Camps,10,376,3 Project,3 Active,6 Colonies,,,,,,,,,,,,,,1,,,,,1,0,0,1,0,0,0,0,0,0,1,camp,1,resource here,1 VP for each camp resource on this card.,Action: Decrease your M€ production 1 step to add a camp resource to this card.,,
C34,Research Colony,20,377,3 Project,4 Auto,6 Colonies,,,,,,,1,,,,,,1,,,,,,2,1,0,0,0,0,0,0,0,0,1,,,,Place a colony. MAY BE PLACED WHERE YOU ALREADY HAVE A COLONY. Draw 2 cards.,,,
C35,Rim Freighters,4,378,3 Project,3 Active,6 Colonies,,,,,,,1,,,,,,,,,,,,1,0,0,0,0,0,3,0,0,0,3,,,,,"Effect: When you trade, you pay 1 less resource for it.","""trade"" means ""use the Trade standard action"", whereas on Trade Envoys it means ""trade"" (rules error)",
C36,Sky Docks,18,379,3 Project,3 Active,6 Colonies,,,2,Earth tag,←,,1,,,,,,,1,,,,,2,1,0,0,0,0,1,0,0,0,2,,2,,Requires 2 Earth tags. Gain 1 Trade Fleet.,"Effect: When you play a card, you pay 1 M€ less for it.",,
C37,Solar Probe,9,380,3 Project,5 Event,6 Colonies,,,,,,,1,,,,,,1,,,,,,2,1,0,0,0,0,0,0,0,0,1,,1,,"Draw 1 card for every 3 science tags you have, including this.",,,
C38,Solar Reflectors,23,381,3 Project,4 Auto,6 Colonies,,,,,,,1,,,,,,,,,,,,1,1,0,0,0,0,0,0,0,0,1,,,,Increase your heat production 5 steps.,,,
C39,Space Port,22,382,3 Project,4 Auto,6 Colonies,,,1,colony,←,1,,1,,,,,,,,,,,2,1,0,0,0,0,0,0,0,0,1,,,,"Requires 1 colony. Gain 1 Trade Fleet. Place a city tile. Decrease your energy production 1 step, and increase your M€ production 4 steps.",,,
C40,Space Port Colony,27,383,3 Project,4 Auto,6 Colonies,,,1,colony,←,,1,,,,,,,,,,,,1,1,0,0,0,0,0,0,0,0,1,,1,any 2 colonies,Requires a colony. Place a colony. MAY BE PLACED ON A COLONY TILE WHERE YOU ALREADY HAVE A COLONY. Gain 1 Trade Fleet. 1 VP per 2 colonies in play.,,,
C41,Spin-Off Department,10,384,3 Project,3 Active,6 Colonies,,,,,,1,,,,,,,,,,,,,1,1,0,0,0,1,0,0,0,0,2,,,,Increase your M€ production 2 steps.,"Effect: WHEN PLAYING A CARD WITH A BASIC COST OF 20 M€ OR MORE, draw a card.","""playing"" is unusual, means ""you play""",
C42,Sub-Zero Salt Fish,5,385,3 Project,3 Active,6 Colonies,,,-6,degrees C,←,,,,,,,1,,,,,,,1,0,1,1,0,0,0,0,0,0,2,animal,1,2 resources here,Requires -6°C or warmer. Decrease any plant production 1 step. 1 VP per 2 animals on this card.,Action: Add 1 animal to this card.,,
C43,Titan Air-Scrapping,21,386,3 Project,3 Active,6 Colonies,,,,,,,,,,,,,,,1,,,,1,0,0,2,0,0,0,0,0,0,2,floater,2,,,"Action: Spend 1 titanium to add 2 floaters to this card, or spend 2 floaters here to increase your TR 1 step.",,
C44,Titan Floating Launch-Pad,18,387,3 Project,3 Active,6 Colonies,,,,,,,,,,,,,,,1,,,,1,1,0,2,0,0,0,0,0,0,3,floater,1,,Add 2 floaters to ANY JOVIAN CARD.,"Action: Add 1 floater to ANY JOVIAN CARD, or spend 1 floater here to trade for free.",,
C45,Titan Shuttles,23,388,3 Project,3 Active,6 Colonies,,,,,,,1,,,,,,,,1,,,,2,0,0,2,0,0,0,0,0,0,2,floater,1,,,"Action: Add 2 floaters to ANY JOVIAN CARD, or spend any number of floaters here to gain the same number of titanium.","""any number of"" should be ""one or more"" (rules error)",
C46,Trade Envoys,6,389,3 Project,3 Active,6 Colonies,,,,,,,,,,,,,,,,,Ⓧ,,0,0,0,0,0,1,0,0,0,0,1,,,,,"Effect: When you trade, you may first increase that Colony Tile track 1 step.",,
C47,Trading Colony,18,390,3 Project,3 Active,6 Colonies,,,,,,,1,,,,,,,,,,,,1,1,0,0,0,1,0,0,0,0,2,,,,Place a colony.,"Effect: When you trade, you may first increase that Colony Tile track 1 step.",,
C48,Urban Decomposers,6,391,3 Project,4 Auto,6 Colonies,,,1,"city, colony",←,,,,,,1,,,,,,,,1,1,0,0,0,0,0,0,0,0,1,,,,"Requires that you have 1 city tile and 1 colony in play. Increase your plant production 1 step, and add 2 microbes to ANOTHER card.",,,
C49,Warp Drive,14,392,3 Project,3 Active,6 Colonies,,,5,science tag,←,,,,,,,,1,,,,,,1,0,0,0,0,0,1,0,0,0,1,,2,,Requires 5 science tags.,"Effect: When you play a space tag, you pay 4 M€ less for it.",,
T01,Aerial Lenses,2,393,3 Project,4 Auto,7 Turmoil,,,2,Kelvinists del. (or ruling),←,,,,,,,,,,,,Ⓧ,,0,1,1,0,0,0,0,0,0,0,2,,-1,,Requires that Kelvinists are ruling or that you have 2 delegates there. Remove up to 2 plants from any player. Increase your heat production 2 steps.,,,
T02,Banned Delegate,0,394,3 Project,5 Event,7 Turmoil,,,1,chairperson,←,,,,,,,,,,,,Ⓧ,,0,0,1,0,0,0,0,0,0,0,1,,,,Requires that you are Chairman. Remove any NON-LEADER delegate.,,,
T03,Cultural Metropolis,20,395,3 Project,4 Auto,7 Turmoil,,,2,Unity del. (or ruling),←,1,,1,,,,,,,,,,,2,1,0,0,0,0,0,0,0,0,1,,,,Requires that Unity is ruling or that you have 2 delegates there. Decrease your energy production 1 step and increase your M€ production 3 steps. Place a city tile. Place 2 delegates in 1 party.,,,
T04,Diaspora Movement,7,396,3 Project,4 Auto,7 Turmoil,,,2,Reds del. (or ruling),←,,,,,,,,,,1,,,,1,1,0,0,0,0,0,0,0,0,1,,,,Requires that Reds are ruling or that you have 2 delegates there. Gain 1 M€ for each Jovian tag in play.,,"add ""including this"" (rules error)",
T05,Event Analysts,5,397,3 Project,3 Active,7 Turmoil,,,2,Scientists del. (or ruling),←,,,,,,,,1,,,,,,1,0,0,0,0,0,0,0,0,1,1,,1,,Requires that Scientists are ruling or that you have 2 delegates there.,Effect: You have influence +1.,,
T06,GMO Contract,3,398,3 Project,3 Active,7 Turmoil,,,2,Greens del. (or ruling),←,,,,,,1,,1,,,,,,2,0,0,0,0,1,0,0,0,0,1,,,,Requires that Greens are ruling or that you have 2 delegates there.,"Effect: Each time you play a plant, animal, or microbe tag, including this, gain 2 M€.","""Each time"" is slightly unusual; means ""When"". Suggest ""a plant tag, animal tag, or microbe tag"".",
T07,Martian Media Center,7,399,3 Project,3 Active,7 Turmoil,,,2,Mars First del. (or ruling),←,1,,,,,,,,,,,,,1,1,0,1,0,0,0,0,0,0,2,,,,Requires that Mars First is ruling or that you have 2 delegates there. Increase your M€ production 2 steps.,Action: Pay 3 M€ to add a delegate to any party.,"""pay"" is unusual here, means ""spend""",
T08,Parliament Hall,8,400,3 Project,4 Auto,7 Turmoil,,,2,Mars First del. (or ruling),←,1,,,,,,,,,,,,,1,1,0,0,0,0,0,0,0,0,1,,1,,"Requires that Mars First is ruling or that you have 2 delegates there. Increase M€ production 1 step for every 3 building tags you have, including this.",,,
T09,PR Office,7,401,3 Project,4 Auto,7 Turmoil,,,2,Unity del. (or ruling),←,,,,,,,,,1,,,,,1,1,0,0,0,0,0,0,0,0,1,,,,"Requires that Unity is ruling or that you have 2 delegates there. Gain 1 TR. Gain 1 M€ for each Earth tag you have, including this.",,,
T10,Public Celebrations,8,402,3 Project,5 Event,7 Turmoil,,,1,chairperson,←,,,,,,,,,,,,Ⓧ,,0,0,0,0,0,0,0,0,0,0,0,,2,,Requires that you are Chairman.,,,
T11,Recruitment,2,403,3 Project,5 Event,7 Turmoil,,,,,,,,,,,,,,,,,Ⓧ,,0,1,0,0,0,0,0,0,0,0,1,,,,Exchange one NEUTRAL NON-LEADER delegate with one of your own from the reserve.,,,
T12,Red Tourism Wave,3,404,3 Project,5 Event,7 Turmoil,,,2,Reds del. (or ruling),←,,,,,,,,,1,,,,,1,1,0,0,0,0,0,0,0,0,1,,,,Requires that Reds are ruling or that you have 2 delegates there. Gain 1 M€ for each EMPTY AREA ADJACENT TO YOUR TILES.,,,
T13,Sponsored Mohole,5,405,3 Project,4 Auto,7 Turmoil,,,2,Kelvinists del. (or ruling),←,1,,,,,,,,,,,,,1,1,0,0,0,0,0,0,0,0,1,,,,Requires that Kelvinists are ruling or that you have 2 delegates there. Increase your heat production 2 steps.,,,
T14,Supported Research,3,406,3 Project,4 Auto,7 Turmoil,,,2,Scientists del. (or ruling),←,,,,,,,,1,,,,,,1,1,0,0,0,0,0,0,0,0,1,,,,Requires that Scientists are ruling or that you have 2 delegates there. Draw 2 cards.,,,
T15,Wildlife Dome,15,407,3 Project,4 Auto,7 Turmoil,,,2,Greens del. (or ruling),←,1,,,,1,,1,,,,,,,3,1,0,0,0,0,0,0,0,0,1,,,,Requires that Greens are ruling or that you have 2 delegates there. Place a greenery tile and raise oxygen 1 step.,,oxygen reminder would be better parenthesized,
T16,Vote Of No Confidence,5,408,3 Project,5 Event,7 Turmoil,,,1,party leader,←,,,,,,,,,,,,Ⓧ,,0,1,0,0,0,0,0,0,0,0,1,,,,Requires that you have a Party Leader in any party and that the sitting Chairman is neutral. Remove the NEUTRAL Chairman and move your own delegate (from the reserve) there instead. Gain 1 TR.,,,
X01,Dusk Laser Mining,8,409,3 Project,4 Auto,X3 Pro/turmoil,,,2,science tag,←,,1,,,,,,,,,,,,1,1,0,0,0,0,0,0,0,0,1,,,,"Requires 2 science tags. Decrease your energy production 1 step, and increase your titanium production 1 step. Gain 4 titanium.",,,
X02,Project Inspection,0,410,3 Project,5 Event,X3 Pro/turmoil,,,,,,,,,,,,,,,,,Ⓧ,,0,1,0,0,0,0,0,0,0,0,1,,,,USE A CARD ACTION THAT HAS ALREADY BEEN USED THIS GENERATION,,"""a card action"" means ""an action from a card"" (rules error)",
X03,Energy Market,3,411,3 Project,3 Active,X3 Pro/turmoil,,,,,,,,,1,,,,,,,,,,1,0,0,2,0,0,0,0,0,0,2,,,,,"Action: Spend 2X M€ to gain X energy, or decrease energy production 1 step to gain 8 M€.","""decrease"" is usually ""decrease your""",
X04,Hi-Tech Lab,17,412,3 Project,3 Active,X3 Pro/turmoil,,,,,,1,,,,,,,1,,,,,,2,0,0,1,0,0,0,0,0,0,1,,1,,,Action: Spend any amount of energy to draw the same number of cards. TAKE 1 INTO HAND AND DISCARD THE REST.,"""any amount of"" should be ""one or more"" (rules error)",
X05,Interplanetary Trade,27,413,3 Project,4 Auto,X3 Pro/turmoil,,,,,,,1,,,,,,,,,,,,1,1,0,0,0,0,0,0,0,0,1,,1,,"Increase your M€ production 1 step per different tag you have in play, including this.",,,
X06,Law Suit,2,414,3 Project,5 Event,X3 Pro/turmoil,,,,,,,,,,,,,,1,,,,,1,0,1,0,0,0,0,0,0,0,1,,-1,,Steal 3 M€ from a player that REMOVED YOUR RESOURCES OR DECREASED YOUR PRODUCTION this generation. Place this card face down in THAT PLAYER'S EVENT PILE.,,,
X07,Mercurian Alloys,3,415,3 Project,3 Active,X3 Pro/turmoil,,,2,science tag,←,,1,,,,,,,,,,,,1,0,0,0,0,0,0,1,0,0,1,,,,Requires 2 science tags.,Effect: Your titanium resources are worth 1 M€ extra.,,
X08,Orbital Cleanup,14,416,3 Project,3 Active,X3 Pro/turmoil,,,,,,,1,,,,,,,1,,,,,2,1,0,1,0,0,0,0,0,0,2,,2,,Decrease your M€ production 2 steps.,Action: Gain 1 M€ per science tag you have.,,
X09,Political Alliance,4,417,3 Project,5 Event,X3 Pro/turmoil,,,2,party leader,←,,,,,,,,,,,,Ⓧ,,0,1,0,0,0,0,0,0,0,0,1,,,,Requires that you have 2 Party Leaders. Gain 1 TR.,,,
X10,Rego Plastics,10,418,3 Project,3 Active,X3 Pro/turmoil,,,,,,1,,,,,,,,,,,,,1,0,0,0,0,0,0,1,0,0,1,,1,,,Effect: Your steel resources are worth 1 M€ extra.,,
X11,Saturn Surfing,13,419,3 Project,3 Active,X3 Pro/turmoil,,,,,,,,,,,,,,1,1,,,,2,1,0,1,0,0,0,0,0,0,2,floater,1,,"Add 1 floater here for every Earth tag you have, including this.","Action: Spend 1 floater from here to gain 1 M€ for each floater here, INCLUDING THE PAID FLOATER (max 5).",,
X12,Stanford Torus,12,420,3 Project,4 Auto,X3 Pro/turmoil,,,,,,,1,1,,,,,,,,,,,2,1,0,0,0,0,0,0,0,0,1,,2,,"Place a city tile IN SPACE, outside and separate from the planet.",,,
X13,Advertising,4,421,3 Project,3 Active,X4 Pro/bigbox,,,,,,,,,,,,,,1,,,,,1,0,0,0,0,1,0,0,0,0,1,,,,,"Effect: When you play a card with a basic cost of 20 M€ or more, increase your M€ production 1 step.",,
X14,Asteroid Deflection System,13,422,3 Project,3 Active,X4 Pro/bigbox,,,,,,1,1,,,,,,,1,,,,,3,1,0,1,0,0,0,0,0,1,3,asteroid,1,resource here,Decrease energy production 1 step. 1 VP per asteroid on this card.,"Action: REVEAL AND DISCARD the top card of the deck. If it has a space tag, add an asteroid here. / OPPONENTS MAY NOT REMOVE YOUR PLANTS","""Decrease"" is usually ""Decrease your""",
X15,Asteroid Hollowing,16,423,3 Project,3 Active,X4 Pro/bigbox,,,,,,,1,,,,,,,,,,,,1,0,0,1,0,0,0,0,0,0,1,asteroid,1,2 resources here,1 VP per 2 asteroids on this card.,Action: Spend 1 titanium to add 1 asteroid resource here and increase M€ production 1 step.,,
X16,Comet Aiming,17,424,3 Project,3 Active,X4 Pro/bigbox,,,,,,,1,,,,,,,,,,,,1,0,0,2,0,0,0,0,0,0,2,asteroid,,,,Action: Spend 1 titanium to add 1 asteroid resource to ANY CARD or remove 1 asteroid here to place an ocean tile.,,
X17,Crash Site Cleanup,4,425,3 Project,5 Event,X4 Pro/bigbox,,,1,plant attack this gen,←,,,,,,,,,,,,Ⓧ,,0,2,0,0,0,0,0,0,0,0,2,,1,,REQUIRES THAT A PLAYER REMOVED ANOTHER PLAYER'S PLANTS THIS GENERATION. Gain 1 titanium or 2 steel.,,,
X18,Cutting Edge Technology,12,426,3 Project,3 Active,X4 Pro/bigbox,,,,,,,,,,,,,1,,,,,,1,0,0,0,0,0,1,0,0,0,1,,1,,,"Effect: When playing a card with a requirement, you pay 2 M€ less.","add ""for it"" to the end; ""playing"" is unusual, means ""you play""",
X19,Directed Impactors,8,427,3 Project,3 Active,X4 Pro/bigbox,,,,,,,1,,,,,,,,,,,,1,0,0,2,0,0,0,0,0,0,2,asteroid,,,,"Action: Spend 6 M€ to add 1 asteroid to ANY CARD (titanium may be used to pay for this), or remove 1 asteroid here to raise temperature 1 step.",,
X20,Diversity Support,1,428,3 Project,5 Event,X4 Pro/bigbox,,,9,named resource type,←,,,,,,,,,,,,Ⓧ,,0,1,0,0,0,0,0,0,0,0,1,,,,Requires that you have 9 different types of resources. Raise your TR 1 step.,,,
X21,Field-Capped City,29,429,3 Project,4 Auto,X4 Pro/bigbox,,,,,,1,,1,1,,,,,,,,,,3,1,0,0,0,0,0,0,0,0,1,,,,"Increase your M€ production 2 steps, and increase your energy production 1 step. Gain 3 plants, and place a city tile.",,,
X22,Imported Nutrients,14,430,3 Project,5 Event,X4 Pro/bigbox,,,,,,,1,,,,,,,1,,,,,2,1,0,0,0,0,0,0,0,0,1,,,,"Gain 4 plants, and add 4 microbes to ANOTHER CARD.",,,
X23,Jovian Embassy,14,431,3 Project,4 Auto,X4 Pro/bigbox,,,,,,1,,,,,,,,,1,,,,2,1,0,0,0,0,0,0,0,0,1,,1,,Raise your TR 1 step.,,,
X24,Magnetic Shield,24,432,3 Project,4 Auto,X4 Pro/bigbox,,,3,power tag,←,,1,,,,,,,,,,,,1,1,0,0,0,0,0,0,0,0,1,,,,Requires 3 power tags. Raise your TR 4 steps.,,,
X25,Meat Industry,5,433,3 Project,3 Active,X4 Pro/bigbox,,,,,,1,,,,,,,,,,,,,1,0,0,0,0,1,0,0,0,0,1,,,,,"Effect: When you gain an animal to ANY CARD, gain 2 M€.","""gain"" is unusual for card resources",
X26,Meltworks,4,434,3 Project,3 Active,X4 Pro/bigbox,,,,,,1,,,,,,,,,,,,,1,0,0,1,0,0,0,0,0,0,1,,,,,Action: Spend 5 heat to gain 3 steel.,,
X27,Mohole Lake,31,435,3 Project,3 Active,X4 Pro/bigbox,,,,,,1,,,,,,,,,,,,,1,1,0,2,0,0,0,0,0,0,3,,,,Place an ocean tile. Raise temperature 1 step. Gain 3 plants.,Action: Add a microbe or animal to ANOTHER card.,,
X28,Potatoes,2,436,3 Project,4 Auto,X4 Pro/bigbox,,,,,,,,,,1,,,,,,,,,1,1,0,0,0,0,0,0,0,0,1,,,,Requires that you lose 2 plants. Increase your M€ production 2 steps.,,"""Requires that you lose"" means ""Remove"" (this doesn't count for Cutting Edge or Tactician) (rules error)",
X29,Sub-Crust Measurements,20,437,3 Project,3 Active,X4 Pro/bigbox,,,2,science tag,←,1,,,,,,,1,1,,,,,3,0,0,1,0,0,0,0,0,0,1,,2,,Requires 2 science tags.,Action: Draw a card.,,
X30,Topsoil Contract,8,438,3 Project,3 Active,X4 Pro/bigbox,,,,,,,,,,,1,,,1,,,,,2,1,0,0,0,1,0,0,0,0,2,,,,Gain 3 plants.,"Effect: When you gain a microbe to ANY CARD, also gain 1 M€.","""gain"" is unusual for card resources, ""also"" is unusual",
X31,Deimos Down*,31,439,3 Project,5 Event,X4 Pro/bigbox,,,,,,,1,,,,,,,,,,,,1,1,1,0,0,0,0,0,0,0,2,,,,Raise temperature 3 steps. Place this tile ADJACENT TO NO CITY TILE. Gain 4 steel. Remove up to 6 plants from any player.,,,
X32,Great Dam*,15,440,3 Project,4 Auto,X4 Pro/bigbox,,,4,ocean,←,1,,,1,,,,,,,,,,2,1,0,0,0,0,0,0,0,0,1,,1,,Requires 4 ocean tiles. Increase your energy production 2 steps. Place this tile ADJACENT TO AN OCEAN TILE.,,,
X33,Magnetic Field Generators*,22,441,3 Project,4 Auto,X4 Pro/bigbox,,,,,,1,,,,,,,,,,,,,1,1,0,0,0,0,0,0,0,0,1,,,,Decrease your energy production 4 steps and increase your plant production 2 steps. Raise your TR 3 steps. Place this tile.,,,
X34,Asteroid Rights,10,442,3 Project,3 Active,X5 Pro/season1,,,,,,,1,,,,,,,1,,,,,2,1,0,3,0,0,0,0,0,0,4,asteroid,,,Gain 2 asteroids to this card.,"Action: Spend 1 M€ to add 1 asteroid to ANY card, OR spend 1 asteroid here to raise your M€ production 1 step or gain 2 titanium.","(bottom text) ""Gain"" is unusual here, means ""Add""",
X36,Bio Printing Facility,7,443,3 Project,3 Active,X5 Pro/season1,,,,,,1,,,,,,,,,,,,,1,0,0,2,0,0,0,0,0,0,2,,,,,Action: Spend 2 energy to gain 2 plants OR to add 1 animal to ANOTHER card.,,
X35,Bactoviral Research,10,444,3 Project,4 Auto,X5 Pro/season1,,,,,,,,,,,1,,1,,,,,,2,1,0,0,0,0,0,0,0,0,1,,,,"Draw 1 card. Choose 1 of your played cards and add 1 microbe to it for each science tag you have, including this.",,,
X37,Harvest,4,445,3 Project,5 Event,X5 Pro/season1,,,3,greenery tile,←,,,,,1,,,,,,,,,1,1,0,0,0,0,0,0,0,0,1,,,,Requires that you have 3 greenery tiles in play.  Gain 12 M€.,,"most usages of ""in play"" are used as a code meaning ""including all players""",
X38,Outdoor Sports,8,446,3 Project,5 Event,X5 Pro/season1,,,1,ANY city-ocean adjacency,←,,,,,,,,,,,,Ⓧ,,0,1,0,0,0,0,0,0,0,0,1,,,,Requires any city adjacent to an ocean. Increase your M€ production 2 steps.,,unverified,
X42,New Partner,,447,2 Prelude,2 Prelude,X6 Pro/season2,,,,,,,,,,,,,,,,,Ⓧ,,0,1,0,0,0,0,0,0,0,0,1,,,,"Raise your M€ production 1 step. Immediately draw 2 Prelude cards. Play 1 of them, and discard the other.",,"""immediately"" is implied; ""prelude"" is usually capitalized",
X41,Merger,,448,2 Prelude,2 Prelude,X6 Pro/season2,,,,,,,,,,,,,,,,,Ⓧ,,0,1,0,0,0,0,0,0,0,0,1,,,,Draw 4 corporation cards. Play one of them and discard the other 3. Then pay 42 M€.,,,
X39,Corporate Archives,,449,2 Prelude,2 Prelude,X6 Pro/season2,,,,,,,,,,,,,1,,,,,,1,1,0,0,0,0,0,0,0,0,1,,,,Gain 13 M€. LOOK AT THE TOP 7 CARDS FROM THE DECK. TAKE 2 OF THEM INTO HAND AND DISCARD THE OTHER 5,,,
X40,Double Down,,450,2 Prelude,2 Prelude,X6 Pro/season2,,,,,,,,,,,,,,,,,Ⓧ,,0,1,0,0,0,0,0,0,0,0,1,,,,COPY YOUR OTHER PRELUDE'S DIRECT EFFECT,,,
X43,Head Start,,451,2 Prelude,2 Prelude,X6 Pro/season2,,,,,,,,,,,,,,,,,Ⓧ,,0,1,0,0,0,0,0,0,0,0,1,,,,GAIN 2 STEEL. GAIN 2 M€ PER PROJECT CARD YOU HAVE IN HAND. IMMEDIATELY TAKE 2 ACTIONS,,,
X44,16 Psyche,31,452,3 Project,4 Auto,X7 Pro/season3,,,,,,,1,,,,,,,,,,,,1,1,0,0,0,0,0,0,0,0,1,,2,,Increase titanium production 2 steps. Gain 3 titanium.,,,
X45,Robot Pollinators,9,453,3 Project,4 Auto,X7 Pro/season3,,,4,% oxygen,←,,,,,,,,,,,,Ⓧ,,0,1,0,0,0,0,0,0,0,0,1,,,,Requires 4% oxygen. Increase your plant production 1 step. Gain 1 plant for every plant tag you have.,,,